<?xml version='1.0' encoding='UTF-8' standalone='no'?>
<sbml xmlns="http://www.sbml.org/sbml/level3/version1/core" level="3" version="1">
  <model>
    <listOfCompartments>
      <compartment constant="false" id="cell" name="cell" size="1"/>
    </listOfCompartments>
    <listOfSpecies>
      <species boundaryCondition="false" compartment="cell" constant="false" hasOnlySubstanceUnits="true" id="conn" initialAmount="0" name="conn" sboTerm="SBO:0000601"/>
    </listOfSpecies>
    <listOfReactions>
      <reaction fast="false" id="conn_degradation" name="conn_degradation" reversible="false" sboTerm="SBO:0000179">
        <listOfReactants>
          <speciesReference constant="true" species="conn" stoichiometry="1"/>
        </listOfReactants>
        <kineticLaw>
          <math xmlns="http://www.w3.org/1998/Math/MathML">          
            <apply>
              <times/>
              <ci> k_loss </ci>
              <ci> conn </ci>
            </apply>
          </math>
                  <listOfLocalParameters>
            <localParameter id="k_loss" name="k_loss" value="0.001"/>
          </listOfLocalParameters>
        </kineticLaw>
      </reaction>
    </listOfReactions>
  </model>
</sbml>