<?xml version='1.0' encoding='UTF-8' standalone='no'?>
<sbml xmlns="http://www.sbml.org/sbml/level3/version1/core" level="3" version="1">
  <model>
    <listOfCompartments>
      <compartment constant="false" id="cell" name="cell" size="1"/>
    </listOfCompartments>
    <listOfSpecies>
      <species boundaryCondition="false" compartment="cell" constant="false" hasOnlySubstanceUnits="true" id="out" initialAmount="0" name="out" sboTerm="SBO:0000601"/>
    </listOfSpecies>
    <listOfReactions>
      <reaction fast="false" id="out_expression" name="out_expression" reversible="false" sboTerm="SBO:0000589">
        <listOfProducts>
          <speciesReference constant="true" species="out" stoichiometry="1"/>
        </listOfProducts>
        <kineticLaw>
          <math xmlns="http://www.w3.org/1998/Math/MathML">          
            <ci> k_express </ci>
          </math>
                  <listOfLocalParameters>
            <localParameter id="k_express" name="k_express" value="0.080882"/>
          </listOfLocalParameters>
        </kineticLaw>
      </reaction>
    </listOfReactions>
  </model>
</sbml>