time, cell, conn0, conn1, ind_conn0, conn2, out0, ind_conn2, out_expression, conn_degradation, out_expression1, conn_degradation1, out_expression2, conn_degradation2, out_expression3, out_degradation
0.0, 1.0, 0.0, 0.0, 0.0, 0.0, 0.0, 0.0, 2.2878, 0.0, 0.880809684, 0.0, 929.5360000000001, 0.0, 2.52734707, 0.0
10.0, 1.0, 21.020710300056283, 8.094416174222783, 0.0, 8267.910827692032, 34.11586605703415, 0.0, 2.2878, 0.36112322110864303, 0.881188014663559, 0.13905722499878626, 866.1757570401286, 142.03775930098703, 3.919012198706209, 0.5860901589702325
20.0, 1.0, 38.72335669014402, 14.916428944115387, 0.0, 14589.649933487566, 65.10539320667023, 0.0, 2.2878, 0.6652440902554224, 0.8818908911169595, 0.2562553211021951, 797.4600610619734, 250.64145329163412, 3.983287922633595, 1.1184716867666726
30.0, 1.0, 53.631686844086175, 20.668675120615035, 0.0, 19333.129190827833, 91.54795298444172, 0.0, 2.2878, 0.9213602789899338, 0.8827020977825747, 0.3550754674348272, 740.0011041107268, 332.1315877457569, 4.0057890033170676, 1.572739036680206
40.0, 1.0, 66.18677624131797, 25.520509532140235, 0.0, 22854.995885116783, 113.96066447751444, 0.0, 2.2878, 1.1370492000452408, 0.8835261886628469, 0.4384270785823842, 693.9355164835875, 392.63514955705637, 4.016849480187715, 1.957776005109168
50.0, 1.0, 76.76007775340705, 29.6139218572994, 0.0, 25443.832877895322, 132.91203988400864, 0.0, 2.2878, 1.318692191423523, 0.8843141465549608, 0.5087494522361108, 657.2910084567875, 437.1098195569039, 4.023151726352596, 2.2833492913369877
60.0, 1.0, 85.66441139336713, 33.06816572745087, 0.0, 27323.80903694143, 148.91732332345245, 0.0, 2.2878, 1.4716633137114232, 0.8850415374546114, 0.5680912944040486, 628.06843245087, 469.406684718514, 4.0270267263740385, 2.558310480940238
70.0, 1.0, 93.16321935622493, 35.983518468419454, 0.0, 28666.972254170403, 162.42467419883945, 0.0, 2.2878, 1.6004883461374255, 0.8856979465926361, 0.6181753095233506, 604.6305769093103, 492.4814248465426, 4.029503253092973, 2.7903586842186656
80.0, 1.0, 99.4783601784394, 38.444374988516834, 0.0, 29604.961311963067, 173.81826600562283, 0.0, 2.2878, 1.7089786855655213, 0.8862810843968675, 0.66045135160464, 585.7104141737576, 508.59551543052453, 4.031107651975035, 2.9860937718789358
90.0, 1.0, 104.79667260885918, 40.52181156394745, 0.0, 30238.474043197435, 183.42526601432775, 0.0, 2.2878, 1.8003441098694841, 0.8867932887876747, 0.6961404685307414, 570.3416606241907, 519.4788849670942, 4.032138386963068, 3.151136281804254
100.0, 1.0, 109.27550338985414, 42.27571979891716, 0.0, 30644.56718892134, 191.52333874133515, 0.0, 2.2878, 1.8772877419040832, 0.8872393927940497, 0.7262715622140762, 557.7869915405389, 526.455322145507, 4.0327780614537065, 3.290256324191268
110.0, 1.0, 113.047362495384, 43.75658834784974, 0.0, 30882.20613818023, 198.3476675126082, 0.0, 2.2878, 1.942086023708731, 0.8876254151648537, 0.7517119975179005, 547.480073440724, 530.5378170561102, 4.033145061950667, 3.4074942078121615
120.0, 1.0, 116.22384354785642, 45.00699396452713, 0.0, 30996.47591346399, 204.09720598461345, 0.0, 2.2878, 1.9966560669225581, 0.8879577627651655, 0.7731932175880744, 538.9820379835785, 532.5009033998539, 4.033319654653061, 3.5062678374022633
130.0, 1.0, 118.89892540936444, 46.06285150546257, 0.0, 31021.784847083814, 208.9401198467206, 0.0, 2.2878, 2.0426123721457214, 0.8882427563932518, 0.7913322181628282, 531.9495701680852, 532.9356957309004, 4.033358160804327, 3.5894661988501704
140.0, 1.0, 121.151752625386, 46.954463308930116, 0.0, 30984.312208937656, 213.01846847102334, 0.0, 2.2878, 2.08131459529794, 0.888486362143597, 0.8066495752763899, 526.1116230965464, 532.291938236619, 4.033301127234427, 3.6595297871394905
150.0, 1.0, 123.04897698272934, 47.707401125163706, 0.0, 30903.886549581202, 216.4522059943047, 0.0, 2.2878, 2.11390777418247, 0.8886940530154727, 0.8195845962919288, 521.252362183884, 530.9102735472716, 4.0331782805930265, 3.718519342542176
160.0, 1.0, 124.64672945869346, 48.34324797972248, 0.0, 30795.433069364204, 219.3425870380857, 0.0, 2.2878, 2.1413562053923765, 0.8888707520856866, 0.8305080646701333, 517.1985728984257, 529.0471076714591, 4.033011669146952, 3.7681743588504863
170.0, 1.0, 125.99228090322829, 48.880222668738725, 0.0, 30670.092766950936, 221.7750582587331, 0.0, 2.2878, 2.164471973836058, 0.8890208256030153, 0.8397329684237823, 513.8102720115818, 526.893836297842, 4.0328177380211665, 3.8099627584771114
180.0, 1.0, 127.12544058677224, 49.33370576702751, 0.0, 30536.090169177955, 223.82170922461432, 0.0, 2.2878, 2.1839389789519954, 0.8891481054404287, 0.8475235366222288, 510.97363274500316, 524.5917518747207, 4.032608752174252, 3.8451229970577345
190.0, 1.0, 128.07973399098375, 49.71668289747078, 0.0, 30399.407455801214, 225.54334741169117, 0.0, 2.2878, 2.200333168448564, 0.889255927616076, 0.8541028544941015, 508.5955960413203, 522.2436246696973, 4.032393805938746, 3.8746997106333536
200.0, 1.0, 128.88339468829784, 50.04011842635131, 0.0, 30264.308812765463, 226.99125357692293, 0.0, 2.2878, 2.2141395782011264, 0.8893471783967197, 0.8596592832894692, 506.59972288959455, 519.9227108449943, 4.032179561271027, 3.899573871914676
210.0, 1.0, 129.56019965589846, 50.313270609335724, 0.0, 30133.74847529139, 228.20866591127245, 0.0, 2.2878, 2.2257666824461055, 0.889424342672548, 0.8643518742991995, 504.922969816441, 517.6797623934597, 4.0319708017677085, 3.9204882871424296
220.0, 1.0, 130.13017273737654, 50.54395743427975, 0.0, 30009.688163160063, 229.2320343682953, 0.0, 2.2878, 2.235558478831218, 0.8894895513867769, 0.8683149358752342, 503.5131584537113, 515.5484804867541, 4.0317708572455215, 3.9380691447017524
230.0, 1.0, 130.6101770632182, 50.7387809244769, 0.0, 29893.343759493146, 230.09208043269024, 0.0, 2.2878, 2.243804665844868, 0.8895446261763263, 0.8716618868261464, 502.32697247315303, 513.5497532691468, 4.031581934354676, 3.9528442213115698
240.0, 1.0, 131.01441396557013, 50.90331643152735, 0.0, 29785.37664347802, 230.8146923089944, 0.0, 2.2878, 2.250749213873196, 0.8895911202711069, 0.8744885083553268, 501.3283593125749, 511.6949428392115, 4.031405376893917, 3.965258260830568
250.0, 1.0, 131.35484313352154, 51.04227240260686, 0.0, 29686.041675753837, 231.42168092087155, 0.0, 2.2878, 2.2565975832163394, 0.889630355264011, 0.8768756887670361, 500.48724569814317, 509.98842755018325, 4.031241872126513, 3.9756859618724665
260.0, 1.0, 131.6415364505896, 51.159625247965906, 0.0, 29595.301229179335, 231.9314182704461, 0.0, 2.2878, 2.2615228028046452, 0.8896634537183051, 0.8788917404093163, 499.7784986312485, 508.4295609902967, 4.0310916147472025, 3.9844429444372875
270.0, 1.0, 131.88297597988324, 51.2587332005129, 0.0, 29512.9126232597, 232.3593763756767, 0.0, 2.2878, 2.2656705894054263, 0.8896913677863936, 0.8805943557134793, 499.1810800705662, 507.0141740539062, 4.030954437101916, 3.9917950085328577
280.0, 1.0, 132.08630491308924, 51.34243244818475, 0.0, 29438.494744869586, 232.71858220151668, 0.0, 2.2878, 2.2691636587763377, 0.8897149041294345, 0.8820322586906945, 498.67735567576955, 505.7357194456317, 4.030829912231218, 3.9979659496198474
290.0, 1.0, 132.25753890781758, 51.41311830491181, 0.0, 29371.578405557877, 233.02000162061285, 0.0, 2.2878, 2.2721053563144764, 0.8897347454818314, 0.8832465994005816, 498.25252698621574, 504.58613678871365, 4.03071743489795, 4.0031441548267575
300.0, 1.0, 132.40174406590043, 51.47281375266909, 0.0, 29311.644019405976, 233.2728634239999, 0.0, 2.2878, 2.274582714617027, 0.8897514692208698, 0.8842721314626248, 497.8941631535391, 503.5564999080662, 4.030616284741355, 4.007488169259715
310.0, 1.0, 132.52318681828262, 51.523227322218005, 0.0, 29258.149425440417, 233.4849326969867, 0.0, 2.2878, 2.276669028413971, 0.889765563294603, 0.8851382064126725, 497.59181344766256, 502.6374948026731, 4.0305256749343545, 4.011131392436573
320.0, 1.0, 132.62546015097487, 51.56580197271567, 0.0, 29210.550079466946, 233.66274143314425, 0.0, 2.2878, 2.278426023054406, 0.8897774398404191, 0.8858696134253675, 497.3366856487954, 501.81976652921134, 4.030444789122723, 4.014186040097185
330.0, 1.0, 132.71158990657108, 51.60175637124125, 0.0, 29168.313366973114, 233.81178303976975, 0.0, 2.2878, 2.2799056807029925, 0.8897874467990001, 0.8864872884717026, 497.12137843663567, 501.094165089151, 4.030372808943357, 4.016746485690865
340.0, 1.0, 132.78412430634933, 51.63211975479298, 0.0, 29130.928414469607, 233.9366763571584, 0.0, 2.2878, 2.281151778276062, 0.8897958777977741, 0.8870089132272623, 496.93965821814373, 500.4519139817265, 4.030308934022071, 4.0188920781293
350.0, 1.0, 132.84520934154443, 51.65776137301842, 0.0, 29097.912480363077, 234.0413039423954, 0.0, 2.2878, 2.2822011826185564, 0.8898029805470627, 0.8874494208807063, 496.7862726612399, 499.8847199953069, 4.030252396019864, 4.020689517419327
360.0, 1.0, 132.89665226430523, 51.679415354460474, 0.0, 29068.814771827932, 234.1289286315534, 0.0, 2.2878, 2.28308494124067, 0.8898089639624768, 0.8878214233209931, 496.65679464411045, 499.38483877896834, 4.030202468017487, 4.02219485713172
370.0, 1.0, 132.93997505677086, 51.69770170790115, 0.0, 29043.218348356557, 234.20229177130753, 0.0, 2.2878, 2.2838292008845777, 0.8898140041995991, 0.888135571927894, 496.54749147762004, 498.9451075443478, 4.030158470292726, 4.023455191961538
380.0, 1.0, 132.97645946019355, 51.713144059652585, 0.0, 29020.74062563053, 234.26369598444248, 0.0, 2.2878, 2.284455981097813, 0.8898182497620019, 0.8884008622880373, 496.45521517810585, 498.55895372184887, 4.030119773346536, 4.024510079589995
390.0, 1.0, 133.00718489633255, 51.72618463417494, 0.0, 29001.032877104357, 234.31507488863386, 0.0, 2.2878, 2.284983825700117, 0.889821825821332, 0.8886248915529574, 496.3773103095611, 498.22038639814855, 4.0300857988678125, 4.025392738411404
400.0, 1.0, 133.03306040305512, 51.73719690649177, 0.0, 28983.77903892014, 234.35805181165605, 0.0, 2.2878, 2.285428351417949, 0.889824837868493, 0.8888140758000173, 496.31153651584424, 497.9239757853466, 4.030056019187884, 4.026131056225292
410.0, 1.0, 133.054851528987, 51.746496288250626, 0.0, 28968.694051467995, 234.39398922816554, 0.0, 2.2878, 2.285802709918484, 0.889827374797721, 0.8889738336125336, 496.25600335408103, 497.66482472996637, 4.030029955660833, 4.026748439530755
420.0, 1.0, 133.07320298291276, 51.754349153023405, 0.0, 28955.521914089415, 234.4240303744439, 0.0, 2.2878, 2.286117976912753, 0.889829511510387, 0.889108741129035, 496.20911544225453, 497.4385352939226, 4.030007176311178, 4.027264528442832
430.0, 1.0, 133.08865770802754, 51.760980458938484, 0.0, 28944.033584914898, 234.4491342703601, 0.0, 2.2878, 2.2863834798398726, 0.889831311112432, 0.8892226629955194, 496.1695262645022, 497.2411726749893, 4.02998729301326, 4.027695798348855
440.0, 1.0, 133.10167294536834, 51.76658018662305, 0.0, 28934.024823101816, 234.4701051858989, 0.0, 2.2878, 2.286607073827179, 0.8898328267682306, 0.8893188629654499, 496.13609925052026, 497.0692281377374, 4.029969958404105, 4.028056066125769
450.0, 1.0, 133.1126337616748, 51.7713087765575, 0.0, 28925.314043772803, 234.48761742746672, 0.0, 2.2878, 2.2867953740907794, 0.8898341032641586, 0.8894000973102486, 496.10787497147743, 496.91958216266056, 4.029954862681316, 4.028356915954036
460.0, 1.0, 133.12186444191263, 51.77530172133376, 0.0, 28917.74023513558, 234.50223618223484, 0.0, 2.2878, 2.2869539516522854, 0.8898351783270069, 0.8894686937115467, 496.08404348255226, 496.7894686635403, 4.029941730397513, 4.028608057410966
470.0, 1.0, 133.12963808351708, 51.77867344414689, 0.0, 28911.16097130339, 234.5144350431145, 0.0, 2.2878, 2.287087498162174, 0.8898360837354613, 0.8895266178913476, 496.063920998494, 496.67644084889037, 4.02993031733126, 4.028817626539308
480.0, 1.0, 133.13618467621018, 51.78152057444149, 0.0, 28905.45054220311, 234.52461073929908, 0.0, 2.2878, 2.2871999647062093, 0.8898368462569682, 0.8895755298856725, 496.04693021899783, 496.5783390948978, 4.029920407489751, 4.028992438909144
490.0, 1.0, 133.14169790644027, 51.783924714398815, 0.0, 28900.49821283451, 234.53309551486058, 0.0, 2.2878, 2.2872946787016444, 0.8898374884373079, 0.8896168315711528, 496.0325837296792, 496.49326104053847, 4.029911810279436, 4.029138202274769
500.0, 1.0, 133.14634088775838, 51.78595477539275, 0.0, 28896.20661737596, 234.54016752830492, 0.0, 2.2878, 2.287374442341655, 0.8898380292659549, 0.8896517068039452, 496.0204699956657, 496.4195339992746, 4.029904357866247, 4.029259695232822
510.0, 1.0, 133.15025098666985, 51.787668951247205, 0.0, 28892.490288698504, 234.54605958727126, 0.0, 2.2878, 2.287441615500583, 0.8898384847367076, 0.889681155319113, 496.01024154131943, 496.3556896969868, 4.02989790273611, 4.029360917279201
520.0, 1.0, 133.15354388673782, 51.78911638474242, 0.0, 28889.27432033849, 234.55096648302737, 0.0, 2.2878, 2.287498185552801, 0.889838868320036, 0.8897060213602063, 496.00160497378107, 496.30044128546433, 4.029892315458386, 4.029445214811291
530.0, 1.0, 133.15631701117877, 51.790338575046285, 0.0, 28886.493155561304, 234.55505114763213, 0.0, 2.2878, 2.287545826170856, 0.8898391913610185, 0.8897270178580905, 495.99431256195413, 496.25266253924525, 4.029887482649061, 4.029515386904344
540.0, 1.0, 133.15865240521035, 51.79137056633816, 0.0, 28884.089496566685, 234.558449821408, 0.0, 2.2878, 2.2875859468424795, 0.8898394634145714, 0.8897447468507914, 495.98815512787866, 496.2113691164164, 4.029883305126426, 4.029573774085554
550.0, 1.0, 133.160619163428, 51.79224195163496, 0.0, 28882.013325934895, 234.5612763886667, 0.0, 2.2878, 2.2876197345714653, 0.8898396925278388, 0.889759716728627, 495.98295604558444, 496.1757017476443, 4.029879696249312, 4.02962233281923
560.0, 1.0, 133.1622754740268, 51.7929777205445, 0.0, 28880.22103193355, 234.5636260146002, 0.0, 2.2878, 2.287648188996176, 0.8898398854780605, 0.8897723567981018, 495.97856617462213, 496.14491120947025, 4.02987658042624, 4.02966269798641
570.0, 1.0, 133.16367034034806, 51.793598975206464, 0.0, 28878.674629171168, 234.5655781951585, 0.0, 2.2878, 2.287672151964684, 0.889840047972931, 0.8897830295813454, 495.9748595825129, 496.11834493560457, 4.029873891782977, 4.029696235279933
580.0, 1.0, 133.1648450306843, 51.79412353491154, 0.0, 28877.341066198864, 234.5671993139667, 0.0, 2.2878, 2.2876923324415555, 0.8898401848193596, 0.8897920412031058, 495.97172993314587, 496.0954351219382, 4.029871572975656, 4.029724085130745
590.0, 1.0, 133.16583429923645, 51.79456644670427, 0.0, 28876.19161195065, 234.56854478537178, 0.0, 2.2878, 2.2877093274831597, 0.88984030006561, 0.8897996501626022, 495.9690874373584, 496.0756881859542, 4.029869574136709, 4.0297471995241585
600.0, 1.0, 133.1666674143462, 51.79494041658571, 1.0, 28875.201313318223, 234.56966085010865, 100.0, 2.2878, 2.287723639902088, 0.8898403971210187, 0.8898060747413274, 495.96685627813207, 496.05867544818767, 4.029867851941264, 4.029766372848323
610.0, 1.0, 133.16736902440687, 74.78843825672266, 1.0, 28291.06689719649, 781.3065892741174, 100.0, 2.2878, 2.287735693142985, 3.3923202891390707, 1.2848206049859427, 382.87088596887486, 486.0235958100971, 63.30181503103148, 13.422379556380708
620.0, 1.0, 133.16795988716225, 94.15255951547219, 1.0, 27002.901074741214, 1235.9130303164814, 100.0, 2.2878, 2.2877458438114644, 3.392328955088871, 1.6174846179084394, 316.0097401832771, 463.89367800585103, 62.46861568526263, 21.232246110962134
630.0, 1.0, 133.16845748378367, 110.4601780753313, 1.0, 25428.353750462906, 1609.8934020800446, 100.0, 2.2878, 2.287754392223586, 3.392336253134685, 1.897639743919174, 273.1865737706983, 436.8438974125732, 61.40492082110411, 27.657005053684642
640.0, 1.0, 133.16887653608546, 124.19374334308932, 1.0, 23778.941479895657, 1914.483140532976, 100.0, 2.2878, 2.287761591291309, 3.3923423991984762, 2.133574175058986, 244.04313072209263, 408.5079818521094, 60.23163457464065, 32.88967444956453
650.0, 1.0, 133.16922944208218, 135.75955316813298, 1.0, 22164.681213553842, 2159.982026390267, 100.0, 2.2878, 2.2877676540051026, 3.392347575118935, 2.3322678651926902, 223.29335278951913, 380.7759566841735, 59.01784723809123, 37.107198366400524
660.0, 1.0, 133.16952664279415, 145.49977387658595, 1.0, 20642.07757546672, 2355.560778658558, 100.0, 2.2878, 2.287772759735446, 3.3923519340315984, 2.499599027001063, 208.00845571332027, 354.6185375290135, 57.80603015179372, 40.467124267636386
670.0, 1.0, 133.1697769311543, 153.7025630359445, 1.0, 19238.01858139474, 2509.2552739477364, 100.0, 2.2878, 2.2877770595396645, 3.3923556048996826, 2.640518035018346, 196.4517242690353, 330.4976444037, 56.62351418070009, 43.107503703594205
680.0, 1.0, 133.16998771215412, 160.61059438424743, 1.0, 17962.53723371822, 2628.0366541954236, 100.0, 2.2878, 2.2877806806310796, 3.392358696329701, 2.759193878812833, 187.53466399446881, 308.58563828392084, 55.488262971159095, 45.148096720218405
690.0, 1.0, 133.17016522192674, 166.4282371618906, 1.0, 16815.999605261724, 2717.9095801475414, 100.0, 2.2878, 2.2877837301427255, 3.392361299784774, 2.8591374996102856, 180.5433027534526, 288.8888080816909, 54.41202636480088, 46.69205979506276
700.0, 1.0, 133.17031471224794, 171.3276022315985, 1.0, 15793.311804013889, 2784.01714780665, 100.0, 2.2878, 2.287786298296967, 3.392363492290708, 2.9433056590161715, 174.99131342934456, 271.3196437811799, 53.40219314546237, 47.82774823907557
710.0, 1.0, 133.1704406059146, 175.45363385705642, 1.0, 14886.445863229004, 2830.742704923126, 100.0, 2.2878, 2.287788461074807, 3.392365338714919, 3.0141884127249035, 170.53679021527546, 255.74022971879776, 52.462957304765915, 48.63046534297631
720.0, 1.0, 133.17054662759662, 178.92839777685143, 1.0, 14085.977666226878, 2861.804349293049, 100.0, 2.2878, 2.2877902824638454, 3.3923668936856193, 3.073882777063539, 166.932858738634, 241.98866521073916, 51.5961036504657, 49.16408580145186
730.0, 1.0, 133.17063591403456, 181.85469243335942, 1.0, 13382.025606910374, 2880.3405990638103, 100.0, 2.2878, 2.2877918163514073, 3.3923682032080658, 3.1241547677425765, 163.99717628912143, 229.8951901788437, 50.80157283124307, 49.48252747772926
740.0, 1.0, 133.17071110684282, 184.3190901922412, 1.0, 12764.817200307674, 2888.9870504900423, 100.0, 2.2878, 2.287793108118847, 3.3923693060256843, 3.16649164618659, 161.5924359527388, 219.29191918057, 50.07789234133229, 49.631068337939496
750.0, 1.0, 133.17077443066373, 186.3944985248866, 1.0, 12225.021012740264, 2889.944460570915, 100.0, 2.2878, 2.287794195984188, 3.392370234766331, 3.2021459191156363, 159.61352182617935, 210.0185437706065, 49.42252105189998, 49.64751607007563
760.0, 1.0, 133.17082775898584, 188.14231692458796, 1.0, 11753.92924063839, 2885.038949057118, 100.0, 2.2878, 2.287795112132842, 3.3923710169076307, 3.2321723930741033, 157.9788167028228, 201.9254690956393, 48.83213340724976, 49.563242318439215
770.0, 1.0, 133.1708726695724, 189.61425336728564, 1.0, 11343.545081891285, 2875.775083433963, 100.0, 2.2878, 2.287795883669838, 3.3923716755899274, 3.257459380139082, 156.62417770266865, 194.87531488185337, 48.302857561426386, 49.40409465187619
780.0, 1.0, 133.1709104911408, 190.85385405560132, 1.0, 10986.609815360174, 2863.382587604469, 100.0, 2.2878, 2.2877965334217456, 3.392372230300915, 3.27875497800724, 155.49867051825942, 188.7433806447576, 47.83047529602032, 49.191198990995005
790.0, 1.0, 133.17094234267398, 191.8977917025611, 1.0, 10676.592363243824, 2848.8573528443035, 100.0, 2.2878, 2.287797080612021, 3.3923726974522035, 3.2966892019380882, 154.56148993614806, 183.41746637687243, 47.410588288928714, 48.941664151825655
800.0, 1.0, 133.1709691665263, 192.7769504679699, 1.0, 10407.656293618324, 2832.9973566310705, 100.0, 2.2878, 2.287797541429749, 3.392373090864869, 3.311792623311507, 153.7796975013375, 178.79730567111363, 47.038753860757296, 48.669198909807726
810.0, 1.0, 133.170991756304, 193.51733964451816, 1.0, 10174.61410682009, 2816.4340254553813, 100.0, 2.2878, 2.2877979295086086, 3.3923734221783652, 3.3245120662081806, 153.12653294079587, 174.79378038821417, 46.710592880553314, 48.3846507941126
820.0, 1.0, 133.1710107803446, 194.14086312437934, 1.0, 9972.875262700843, 2799.659517659204, 100.0, 2.2878, 2.2877982563302393, 3.392373701194886, 3.335223826385178, 152.58013561375125, 171.32802779607263, 46.421872541579674, 48.09647479047626
830.0, 1.0, 133.17102680149034, 194.66596741042636, 1.0, 9798.392142361097, 2783.050352938308, 100.0, 2.2878, 2.2877985315639338, 3.392373936169375, 3.3442448037207892, 152.12256378718055, 168.33051222467884, 46.16856689948655, 47.811139281907934
840.0, 1.0, 133.1710402937403, 195.10818734302146, 1.0, 9647.606616234869, 2766.8877751683813, 100.0, 2.2878, 2.2877987633527126, 3.3923741340537537, 3.3518418774741323, 151.739033521754, 165.74010713779083, 45.94689821890334, 47.533475869854755
850.0, 1.0, 133.1710516562741, 195.48060568732274, 1.0, 9517.39886459906, 2751.3752024673568, 100.0, 2.2878, 2.287798958554242, 3.392374300702599, 3.358239801719997, 151.41732176971834, 163.503215899919, 45.75336221651089, 47.266979155827876
860.0, 1.0, 133.17106122526175, 195.79424017722968, 1.0, 9405.039405807149, 2736.6530905589266, 100.0, 2.2878, 2.2877991229437225, 3.39237444104636, 3.363627854532164, 151.14729385658345, 161.57294765009448, 45.58474019843719, 47.01406208509122
870.0, 1.0, 133.17106928380983, 196.05836946749673, 1.0, 9308.144824603638, 2722.811510776068, 100.0, 2.2878, 2.287799261384755, 3.392374559237225, 3.368165437645619, 150.9205263057055, 159.90835674080958, 45.438100882745495, 46.77627202923355
880.0, 1.0, 133.1710760703372, 196.28080763750944, 1.0, 9224.637386155006, 2709.9007207617756, 100.0, 2.2878, 2.287799377973233, 3.39237465877197, 3.371986792267127, 150.73000354889794, 158.4737489312428, 45.31079440705519, 46.55447238448006
890.0, 1.0, 133.17108178562899, 196.46813536415533, 1.0, 9152.708522376715, 2697.9399831755395, 100.0, 2.2878, 2.287799476158525, 3.3923747425954147, 3.3752049704867826, 150.5698724729788, 157.23805410421159, 45.2004406840869, 46.3489940717912
900.0, 1.0, 133.171086598777, 196.62589460652714, 1.0, 9090.786050429162, 2686.9248660543517, 100.0, 2.2878, 2.2877995588455273, 3.3923748131875495, 3.3779151798446847, 150.4352426461502, 156.17426309955414, 45.104913914206776, 46.15976095269524
910.0, 1.0, 133.17109065218222, 196.7587525608899, 1.0, 9037.504908260216, 2676.8332363087197, 100.0, 2.2878, 2.287799628480603, 3.3923748726369, 3.380197599979139, 150.32202292235527, 155.25892496826629, 45.02232472306048, 45.986392793962345
920.0, 1.0, 133.17109406576805, 196.87063973640372, 1.0, 8991.681150899414, 2667.6301364990027, 100.0, 2.2878, 2.287799687123964, 3.3923749227023263, 3.382119754684929, 150.22678722837293, 154.47170024440004, 44.95100107863349, 45.82828904770309
930.0, 1.0, 133.17109694052832, 196.96486623647604, 1.0, 8952.28893334534, 2659.2717142957013, 100.0, 2.2878, 2.2877997365106246, 3.3923749648650565, 3.3837385095573476, 150.1466639148324, 153.79496552484582, 44.88946886638933, 45.68469635714429
940.0, 1.0, 133.17109936151522, 197.04421968584546, 1.0, 8918.440203418713, 2651.7083542232217, 100.0, 2.2878, 2.2877997781017307, 3.392375000372509, 3.385101754320884, 150.07924424434202, 153.21346460470292, 44.836432767304586, 45.55476235811234
950.0, 1.0, 133.1711014003557, 197.11104770050085, 1.0, 8889.366835431749, 2644.887142657972, 100.0, 2.2878, 2.2877998131277897, 3.3923750302752045, 3.386249819613073, 150.0225065006926, 152.7140015444132, 44.7907578913605, 45.43757802622515
960.0, 1.0, 133.1711031173706, 197.1673273402508, 1.0, 8864.404949160526, 2638.753779782344, 100.0, 2.2878, 2.287799842625078, 3.3923750554578382, 3.387216670138066, 149.97475290586917, 152.28517127909208, 44.7514524653867, 45.33221052311707
970.0, 1.0, 133.17110456335917, 197.21472359864896, 1.0, 8842.981175779449, 2633.2540364058477, 100.0, 2.2878, 2.2877998674662963, 3.3923750766654583, 3.3880309094885406, 149.93455707895123, 151.91712367550298, 44.71765175461541, 45.23772822375415
980.0, 1.0, 133.17110578110226, 197.25463866065778, 1.0, 8824.600651328688, 2628.3348393098477, 100.0, 2.2878, 2.2877998883863935, 3.3923750945255122, 3.3887166263628816, 149.90072020099615, 151.60135726701455, 44.68860330683506, 45.15321936200693
990.0, 1.0, 133.1711068066278, 197.2882533853054, 1.0, 8808.836537722165, 2623.9450560535206, 100.0, 2.2878, 2.2877999060043086, 3.392375109566403, 3.389294107212394, 149.8722343905642, 151.3305392307898, 44.66365354156852, 45.07780551314715
1000.0, 1.0, 133.1711076702768, 197.31656224057, 1.0, 8795.320890462679, 2620.0360389514926, 100.0, 2.2878, 2.2877999208412816, 3.392375122233128, 3.3897804364017086, 149.8482520662703, 151.09834850059832, 44.642235659551424, 45.01065093905793
1010.0, 1.0, 133.17110839760107, 197.34040272401566, 1.0, 8783.7367105995, 2616.5619781200116, 100.0, 2.2878, 2.2877999333362773, 3.3923751329004443, 3.390190001637697, 149.82806029101485, 150.89933922420474, 44.62385881580658, 44.9509686533557
1020.0, 1.0, 133.17110901011912, 197.36048013956915, 1.0, 8773.811035732946, 2613.4801049876287, 100.0, 2.2878, 2.2877999438589707, 3.392375141883953, 3.390534919619664, 149.81105926894202, 150.7288220709629, 44.60809847928128, 44.89802391758189
1030.0, 1.0, 133.17110952595283, 197.37738846344075, 1.0, 8765.308940872448, 2610.7507803638737, 100.0, 2.2878, 2.287799952720685, 3.392375149449438, 3.3908253945033815, 149.7967443095117, 150.58276117014805, 44.594587890431384, 44.85113575417007
1040.0, 1.0, 133.17110996036354, 197.39162791649272, 1.0, 8758.028334618908, 2608.3374949350223, 100.0, 2.2878, 2.2877999601836008, 3.392375155820731, 3.3910700197838572, 149.7846906901117, 150.45768471248454, 44.583010522958844, 44.80967695496294
1050.0, 1.0, 133.17111032620366, 197.40361976292172, 1.0, 8751.795449464113, 2606.206804789403, 100.0, 2.2878, 2.287799966468515, 3.392375161186332, 3.391276032527845, 149.77454094461345, 150.35060747618897, 44.57309345529277, 44.773072973575665
1060.0, 1.0, 133.17111063429687, 197.41371877306392, 1.0, 8746.460937017933, 2604.328220149469, 100.0, 2.2878, 2.287799971761372, 3.3923751657049874, 3.391449527477373, 149.76599418427787, 150.2589637453107, 44.56460155992416, 44.740800013879515
1070.0, 1.0, 133.17111089375837, 197.42222371902577, 1.0, 8741.89648975368, 2602.6740617946875, 100.0, 2.2878, 2.2877999762187655, 3.392375169510385, 3.3915956373584026, 149.7587971226597, 150.18054927333907, 44.55733242327343, 44.712382563432996
1080.0, 1.0, 133.17111111226458, 197.42938621364672, 1.0, 8737.99192048487, 2601.2192965975173, 100.0, 2.2878, 2.2877999799725712, 3.392375172715111, 3.3917186847289136, 149.7527365301915, 150.1134711103623, 44.55111191458707, 44.68739056808841
1090.0, 1.0, 133.17111129628012, 197.43541815428802, 1.0, 8734.652639342328, 2599.9413610731385, 100.0, 2.2878, 2.2877999831338482, 3.3923751754139784, 3.3918223098587417, 149.74763288899047, 150.0561042590443, 44.54579032882976, 44.66543640068183
1100.0, 1.0, 133.17111145124932, 197.440497991667, 1.0, 8731.797475601128, 2598.8199797808866, 100.0, 2.2878, 2.287799985796126, 3.3923751776868376, 3.3919095784244, 149.7433350557529, 150.00705425491518, 44.54123903524708, 44.64617174127838
1110.0, 1.0, 133.171111581757, 197.4447760091963, 1.0, 8729.356798403604, 2597.836983739774, 100.0, 2.2878, 2.28779998803817, 3.39237517960093, 3.391983072204966, 149.7397157717128, 149.96512488151745, 44.53734756992584, 44.62928445765968
1120.0, 1.0, 133.1711116916644, 197.4483787690125, 1.0, 8727.270896325119, 2596.976132669453, 100.0, 2.2878, 2.2877999899263135, 3.39237518121289, 3.3920449654621936, 149.73666788461122, 149.92929033231587, 44.534021117083626, 44.614495551529885
1130.0, 1.0, 133.1711117842232, 197.45141285622813, 1.0, 8725.488580916253, 2596.2229437873816, 100.0, 2.2878, 2.2877999915164184, 3.3923751825704054, 3.39209708926452, 149.73410116933368, 149.89867122038797, 44.53117832985172, 44.601556217353526
1140.0, 1.0, 133.17111186217187, 197.45396803217722, 1.0, 8723.965983905546, 2595.564529036299, 100.0, 2.2878, 2.28779999285553, 3.392375183713641, 3.3921409856579365, 149.73193965204146, 149.87251391508724, 44.528749446908996, 44.590245046020954
1150.0, 1.0, 133.1711119278165, 197.456119889941, 1.0, 8722.66552173169, 2594.989441943863, 100.0, 2.2878, 2.287799993983265, 3.392375184676419, 3.392177953286334, 149.7301193578436, 149.85017275332584, 44.52667466644431, 44.58036539398855
1160.0, 1.0, 133.17111198309934, 197.4579320907162, 1.0, 8721.555004557804, 2594.4875347949455, 100.0, 2.2878, 2.2877999949329912, 3.3923751854872264, 3.3922090858109684, 149.7285864148144, 149.83109473297327, 44.524902743566024, 44.57174292958429
1170.0, 1.0, 133.1711120296559, 197.4594582471867, 1.0, 8720.606869961393, 2594.0498263984273, 100.0, 2.2878, 2.287799995732805, 3.3923751861700486, 3.3922353042656574, 149.72729545786908, 149.8148063481084, 44.523389781450916, 44.56422336132039
1180.0, 1.0, 133.17111206886364, 197.46074350961692, 1.0, 8719.797524144631, 2593.6683804308245, 100.0, 2.2878, 2.2877999964063704, 3.39237518674509, 3.392257384304921, 149.72620828499487, 149.8009022714065, 44.52209819025313, 44.55767034790964
1190.0, 1.0, 133.17111210188256, 197.46182590159088, 1.0, 8719.106775817807, 2593.33619411915, 100.0, 2.2878, 2.287799996973616, 3.392375187229362, 3.392275979151173, 149.72529272588366, 149.7890356285958, 44.52099579110688, 44.551963585903614
1200.0, 1.0, 133.1711121296895, 197.46273744491288, 1.0, 8718.51734991599, 2593.0470968687537, 100.0, 2.2878, 2.2877999974513226, 3.392375187637194, 3.392291638919845, 149.72452168935394, 149.77890964440067, 44.52005504548625, 44.54699706817959
1210.0, 1.0, 133.1711121531072, 197.46350510695015, 1.0, 8718.014470052827, 2592.795658335248, 100.0, 2.2878, 2.2877999978536248, 3.39237518798065, 3.392304826894165, 149.72387236127977, 149.77027046934788, 44.519252392767704, 44.5426775046713
1220.0, 1.0, 133.17111217282846, 197.46415159844352, 1.0, 8717.585500128785, 2592.5771053720046, 100.0, 2.2878, 2.287799998192424, 3.3923751882698916, 3.3923159332310666, 149.72332552922742, 149.76290102281075, 44.51856768110751, 44.53892289557662
1230.0, 1.0, 133.1711121894368, 197.46469604538854, 1.0, 8717.219636823373, 2592.3872472472426, 100.0, 2.2878, 2.2877999984777455, 3.3923751885134785, 3.3923252865037057, 149.72286501376846, 149.7566157102095, 44.517983678732385, 44.53566124663189
1240.0, 1.0, 133.17111220342355, 197.46515455486463, 1.0, 8716.907645837706, 2592.2224085102116, 100.0, 2.2878, 2.2877999987180293, 3.3923751887186153, 3.3923331634220664, 149.72247718960986, 149.75125589181647, 44.51748565447523, 44.53282941579314
1250.0, 1.0, 133.17111221520253, 197.46554069155178, 1.0, 8716.641635737857, 2592.079368888612, 100.0, 2.2878, 2.287799998920385, 3.392375188891372, 3.3923397970192313, 149.72215058234806, 149.74668599752016, 44.51706101790065, 44.530372080709746
1260.0, 1.0, 133.17111222512222, 197.46586587903195, 1.0, 8716.414864100629, 2591.955309614565, 100.0, 2.2878, 2.2877999990907996, 3.3923751890368594, 3.3923453835455013, 149.7218755288997, 149.74279019652565, 44.516699010679694, 44.52824081663671
1270.0, 1.0, 133.17111223347612, 197.46613973774774, 1.0, 8716.221571399106, 2591.847765600457, 100.0, 2.2878, 2.2877999992343145, 3.3923751891593827, 3.3923500882743216, 149.72164389154995, 149.73946954360792, 44.51639044201663, 44.52639327484429
1280.0, 1.0, 133.17111224051138, 197.46637036961636, 1.0, 8716.05683870085, 2591.754582916001, 100.0, 2.2878, 2.287799999355176, 3.392375189262565, 3.392354050391781, 149.7214488171503, 149.73663953445185, 44.5161274619213, 44.52479245209938
1290.0, 1.0, 133.17111224643614, 197.46656459771927, 1.0, 8715.916465800174, 2591.6738810515826, 100.0, 2.2878, 2.28779999945696, 3.392375189349461, 3.392357387114335, 149.7212845343346, 149.7342280120378, 44.51590336697968, 44.5234060423724
1300.0, 1.0, 133.17111225142568, 197.46672816815808, 1.0, 8715.796866879218, 2591.6040194887023, 100.0, 2.2878, 2.287799999542677, 3.3923751894226397, 3.3923601971565693, 149.72114618275012, 149.73217337416114, 44.51571243401836, 44.52220586253742
1310.0, 1.0, 133.17111225562763, 197.4668659200491, 1.0, 8715.694981200522, 2591.5435681347594, 100.0, 2.2878, 2.2877999996148644, 3.3923751894842673, 3.3923625636516057, 149.72102966924817, 149.73042303918433, 44.51554977770041, 44.521167344459556
1320.0, 1.0, 133.17111225916634, 197.46698192868496, 1.0, 8715.608196685462, 2591.4912812155967, 100.0, 2.2878, 2.287799999675657, 3.3923751895361685, 3.392364556610534, 149.72093154677785, 149.72893213316004, 44.51541122864538, 44.520269086484426
1330.0, 1.0, 133.17111226214647, 197.46707962609946, 1.0, 8715.534284535737, 2591.446074254407, 100.0, 2.2878, 2.287799999726854, 3.392375189579876, 3.3923662349936388, 149.72084891239737, 149.72766236666754, 44.51529322914461, 44.519492457949596
1340.0, 1.0, 133.1711122646562, 197.46716190260182, 1.0, 8715.471343315809, 2591.407003799307, 100.0, 2.2878, 2.2877999997699696, 3.3923751896166854, 3.392367648454703, 149.72077932138598, 149.72658107418232, 44.51519274395536, 44.51882125091642
1350.0, 1.0, 133.17111226676974, 197.46723119228392, 1.0, 8715.417751138697, 2591.3732495938757, 100.0, 2.2878, 2.287799999806279, 3.3923751896476837, 3.3923688388099684, 149.72072071491405, 149.7256603926569, 44.51510718401351, 44.518241373870524
1360.0, 1.0, 133.17111226854968, 197.46728954503206, 1.0, 8715.372124789425, 2591.344098914498, 100.0, 2.2878, 2.2877999998368574, 3.392375189673789, 3.3923698412752548, 149.72067135913, 149.72487655928583, 44.5150343412088, 44.517740582646816
1370.0, 1.0, 133.17111227004867, 197.46733868717143, 1.0, 8715.333284787977, 2591.318932826673, 100.0, 2.2878, 2.287799999862609, 3.3923751896957746, 3.3923706855077955, 149.72062979386297, 149.72420931130847, 44.51497233263285, 44.51730824432103
1380.0, 1.0, 133.17111227131105, 197.46738007253788, 1.0, 8715.30022553529, 2591.297214137849, 100.0, 2.2878, 2.287799999884296, 3.3923751897142886, 3.39237139648362, 149.72059478942325, 149.72364137313474, 44.514919552935126, 44.51693513024665
1390.0, 1.0, 133.17111227237416, 197.46741492548847, 1.0, 8715.272089807593, 2591.2784768476586, 100.0, 2.2878, 2.2877999999025596, 3.3923751897298815, 3.39237199523645, 149.7205653102217, 149.72315801817342, 44.51487463361601, 44.51661323481629
1400.0, 1.0, 133.17111227326947, 197.46744427712335, 1.0, 8715.248146970394, 2591.262316918134, 100.0, 2.2878, 2.2877999999179406, 3.392375189743012, 3.392372499479969, 149.72054048413162, 149.72274669456124, 44.51483640825461, 44.516335616899504
1410.0, 1.0, 133.17111227402344, 197.46746899579009, 1.0, 8715.227774373294, 2591.248384205924, 100.0, 2.2878, 2.2877999999308933, 3.39237518975407, 3.3923729241318683, 149.72051957668677, 149.72239670553697, 44.514803882812075, 44.516096261243106
1420.0, 1.0, 133.17111227465838, 197.46748981277312, 1.0, 8715.210441464284, 2591.2363754161565, 100.0, 2.2878, 2.287799999941801, 3.392375189763383, 3.392373281755177, 149.72050196935248, 149.7220989365347, 44.51477621027482, 44.5158899574227
1430.0, 1.0, 133.1711122751931, 197.46750734392825, 1.0, 8715.195696228588, 2591.2260279535058, 100.0, 2.2878, 2.2877999999509875, 3.392375189771225, 3.392373582929929, 149.72048714122627, 149.72184562221113, 44.51475266900727, 44.51571219420779
1440.0, 1.0, 133.17111227564345, 197.4675221079025, 1.0, 8715.183153613978, 2591.2171145603224, 100.0, 2.2878, 2.287799999958724, 3.3923751897778303, 3.3923738365661698, 149.72047465362704, 149.72163014759946, 44.51473264427522, 44.51555906744797
1450.0, 1.0, 133.1711122760227, 197.4675345414777, 1.0, 8715.172485653336, 2591.2094386444764, 100.0, 2.2878, 2.2877999999652396, 3.3923751897833925, 3.3923740501675494, 149.72046413711698, 149.7214468784209, 44.51471561247812, 44.515427199808116
1460.0, 1.0, 133.1711122763421, 197.46754501249248, 1.0, 8715.16341303706, 2591.2028302110302, 100.0, 2.2878, 2.2877999999707264, 3.3923751897880767, 3.3923742300533157, 149.72045528057183, 149.72129101630364, 44.51470112769549, 44.51531367087696
1470.0, 1.0, 133.17111227661104, 197.46755383072443, 1.0, 8715.15569792369, 2591.197142322047, 100.0, 2.2878, 2.2877999999753467, 3.3923751897920216, 3.3923743815452627, 149.72044782197645, 149.7211584752738, 44.514688810209805, 44.51521595634868
1480.0, 1.0, 133.17111227683756, 197.46756125705474, 1.0, 8715.149137807848, 2591.1922480179383, 100.0, 2.2878, 2.287799999979238, 3.392375189795344, 3.3923745091251725, 149.7204415406733, 149.72104577641014, 44.51467833671722, 44.515131875133555
1490.0, 1.0, 133.17111227702833, 197.46756751118627, 1.0, 8715.14356029082, 2591.188037641804, 100.0, 2.2878, 2.2877999999825156, 3.3923751897981416, 3.392374616567409, 149.72043625083404, 149.720949958006, 44.51466943197907, 44.515059543391665
1500.0, 1.0, 133.17111227718897, 197.4675727781431, 1.0, 8715.138818621615, 2591.184416515374, 100.0, 2.2878, 2.287799999985275, 3.392375189800498, 3.3923747070505748, 149.72043179596233, 149.72086849896718, 44.51466186170339, 44.51499733460701