<?xml version='1.0' encoding='UTF-8' standalone='no'?>
<sbml xmlns="http://www.sbml.org/sbml/level3/version1/core" level="3" version="1">
  <model>
    <listOfCompartments>
      <compartment constant="false" id="cell" name="cell" size="1"/>
    </listOfCompartments>
    <listOfSpecies>
      <species boundaryCondition="false" compartment="cell" constant="false" hasOnlySubstanceUnits="true" id="out" initialAmount="0" name="out" sboTerm="SBO:0000601"/>
      <species boundaryCondition="false" compartment="cell" constant="false" hasOnlySubstanceUnits="true" id="conn" initialAmount="0" name="conn" sboTerm="SBO:0000600"/>
    </listOfSpecies>
    <listOfReactions>
      <reaction fast="false" id="out_expression" name="out_expression" reversible="false" sboTerm="SBO:0000589">
        <listOfProducts>
          <speciesReference constant="true" species="out" stoichiometry="1"/>
        </listOfProducts>
        <listOfModifiers>
          <modifierSpeciesReference sboTerm="SBO:0000020" species="conn"/>
        </listOfModifiers>
        <kineticLaw>
          <math xmlns="http://www.w3.org/1998/Math/MathML">          
            <apply>
              <plus/>
              <ci> basal_rate </ci>
              <apply>
                <divide/>
                <ci> max_rate </ci>
                <apply>
                  <plus/>
                  <cn type="integer"> 1 </cn>
                  <apply>
                    <power/>
                    <apply>
                      <divide/>
                      <ci> conn </ci>
                      <ci> K_d </ci>
                    </apply>
                    <ci> n </ci>
                  </apply>
                </apply>
              </apply>
            </apply>
          </math>
                  <listOfLocalParameters>
            <localParameter id="max_rate" name="max_rate" value="5"/>
            <localParameter id="basal_rate" name="basal_rate" value="0.001"/>
            <localParameter id="K_d" name="K_d" value="10"/>
            <localParameter id="n" name="n" value="2"/>
          </listOfLocalParameters>
        </kineticLaw>
      </reaction>
    </listOfReactions>
  </model>
</sbml>