<?xml version='1.0' encoding='UTF-8' standalone='no'?>
<sbml xmlns="http://www.sbml.org/sbml/level3/version1/core" level="3" version="1">
  <model>
    <listOfCompartments>
      <compartment constant="false" id="cell" name="cell" size="1"/>
    </listOfCompartments>
    <listOfSpecies>
      <species boundaryCondition="false" compartment="cell" constant="false" hasOnlySubstanceUnits="true" id="out" initialAmount="0" name="out" sboTerm="SBO:0000601"/>
      <species boundaryCondition="false" compartment="cell" constant="false" hasOnlySubstanceUnits="true" id="conn" initialAmount="0" name="conn" sboTerm="SBO:0000600"/>
      <species boundaryCondition="false" compartment="cell" constant="false" hasOnlySubstanceUnits="true" id="ind" initialAmount="0" name="ind" sboTerm="SBO:0000600"/>
    </listOfSpecies>
    <listOfReactions>
      <reaction fast="false" id="out_expression" name="out_expression" reversible="false" sboTerm="SBO:0000589">
        <listOfProducts>
          <speciesReference constant="true" species="out" stoichiometry="1"/>
        </listOfProducts>
        <listOfModifiers>
          <modifierSpeciesReference sboTerm="SBO:0000459" species="conn"/>
          <modifierSpeciesReference sboTerm="SBO:0000459" species="ind"/>
        </listOfModifiers>
        <kineticLaw>
          <math xmlns="http://www.w3.org/1998/Math/MathML">          
            <apply>
              <times/>
              <apply>
                <times/>
                <cn> 0.1 </cn>
                <apply>
                  <plus/>
                  <ci> basal_rate1 </ci>
                  <apply>
                    <times/>
                    <ci> max_rate1 </ci>
                    <apply>
                      <divide/>
                      <apply>
                        <power/>
                        <ci> conn </ci>
                        <ci> n1 </ci>
                      </apply>
                      <apply>
                        <plus/>
                        <ci> K_d1 </ci>
                        <apply>
                          <power/>
                          <ci> conn </ci>
                          <ci> n1 </ci>
                        </apply>
                      </apply>
                    </apply>
                  </apply>
                </apply>
              </apply>
              <apply>
                <plus/>
                <ci> basal_rate2 </ci>
                <apply>
                  <times/>
                  <ci> max_rate2 </ci>
                  <apply>
                    <divide/>
                    <apply>
                      <power/>
                      <ci> ind </ci>
                      <ci> n2 </ci>
                    </apply>
                    <apply>
                      <plus/>
                      <ci> K_d2 </ci>
                      <apply>
                        <power/>
                        <ci> ind </ci>
                        <ci> n2 </ci>
                      </apply>
                    </apply>
                  </apply>
                </apply>
              </apply>
            </apply>
          </math>
                  <listOfLocalParameters>
            <localParameter id="max_rate1" name="max_rate1" value="10"/>
            <localParameter id="basal_rate1" name="basal_rate1" value="1"/>
            <localParameter id="K_d1" name="K_d1" value="4000"/>
            <localParameter id="n1" name="n1" value="2"/>
            <localParameter id="max_rate2" name="max_rate2" value="10"/>
            <localParameter id="basal_rate2" name="basal_rate2" value="0.1"/>
            <localParameter id="K_d2" name="K_d2" value="1000"/>
            <localParameter id="n2" name="n2" value="1.5"/>
          </listOfLocalParameters>
        </kineticLaw>
      </reaction>
    </listOfReactions>
  </model>
</sbml>