<?xml version='1.0' encoding='UTF-8'?>
<rdf:RDF xmlns:rdf="http://www.w3.org/1999/02/22-rdf-syntax-ns#" xmlns:sbol="http://sbols.org/v2#" xmlns:dcterms="http://purl.org/dc/terms/" xmlns:prov="http://www.w3.org/ns/prov#">
  <sbol:ModuleDefinition rdf:about="http://www.phoenix.org/library/Garbage_Protein_pGarbage_RBS30_ModuleDefinition/0.3">
    <sbol:persistentIdentity rdf:resource="http://www.phoenix.org/library/Garbage_Protein_pGarbage_RBS30_ModuleDefinition"/>
    <sbol:displayId>Garbage_Protein_pGarbage_RBS30_ModuleDefinition</sbol:displayId>
    <sbol:version>0.3</sbol:version>
    <sbol:functionalComponent>
      <sbol:FunctionalComponent rdf:about="http://www.phoenix.org/library/Garbage_Protein_pGarbage_RBS30_ModuleDefinition/pGarbage_RBS30/0.3">
        <sbol:persistentIdentity rdf:resource="http://www.phoenix.org/library/Garbage_Protein_pGarbage_RBS30_ModuleDefinition/pGarbage_RBS30"/>
        <sbol:displayId>pGarbage_RBS30</sbol:displayId>
        <sbol:version>0.3</sbol:version>
        <sbol:definition rdf:resource="http://www.phoenix.org/library/pGarbage_RBS30/0.3"/>
        <sbol:access rdf:resource="http://sbols.org/v2#private"/>
        <sbol:direction rdf:resource="http://sbols.org/v2#in"/>
      </sbol:FunctionalComponent>
    </sbol:functionalComponent>
    <sbol:functionalComponent>
      <sbol:FunctionalComponent rdf:about="http://www.phoenix.org/library/Garbage_Protein_pGarbage_RBS30_ModuleDefinition/Garbage_Protein/0.3">
        <sbol:persistentIdentity rdf:resource="http://www.phoenix.org/library/Garbage_Protein_pGarbage_RBS30_ModuleDefinition/Garbage_Protein"/>
        <sbol:displayId>Garbage_Protein</sbol:displayId>
        <sbol:version>0.3</sbol:version>
        <sbol:definition rdf:resource="http://www.phoenix.org/library/Garbage_Protein/0.3"/>
        <sbol:access rdf:resource="http://sbols.org/v2#private"/>
        <sbol:direction rdf:resource="http://sbols.org/v2#out"/>
      </sbol:FunctionalComponent>
    </sbol:functionalComponent>
    <sbol:interaction>
      <sbol:Interaction rdf:about="http://www.phoenix.org/library/Garbage_Protein_pGarbage_RBS30_ModuleDefinition/Garbage_Protein_pGarbage_RBS30_Inhibition/0.3">
        <sbol:persistentIdentity rdf:resource="http://www.phoenix.org/library/Garbage_Protein_pGarbage_RBS30_ModuleDefinition/Garbage_Protein_pGarbage_RBS30_Inhibition"/>
        <sbol:displayId>Garbage_Protein_pGarbage_RBS30_Inhibition</sbol:displayId>
        <sbol:version>0.3</sbol:version>
        <sbol:type rdf:resource="http://identifiers.org/biomodels.sbo/SBO:0000169"/>
        <sbol:participation>
          <sbol:Participation rdf:about="http://www.phoenix.org/library/Garbage_Protein_pGarbage_RBS30_ModuleDefinition/Garbage_Protein_pGarbage_RBS30_Inhibition/Garbage_Protein_inhibitor/0.3">
            <sbol:persistentIdentity rdf:resource="http://www.phoenix.org/library/Garbage_Protein_pGarbage_RBS30_ModuleDefinition/Garbage_Protein_pGarbage_RBS30_Inhibition/Garbage_Protein_inhibitor"/>
            <sbol:displayId>Garbage_Protein_inhibitor</sbol:displayId>
            <sbol:version>0.3</sbol:version>
            <sbol:role rdf:resource="http://identifiers.org/biomodels.sbo/SBO:0000020"/>
            <sbol:participant rdf:resource="http://www.phoenix.org/library/Garbage_Protein_pGarbage_RBS30_ModuleDefinition/Garbage_Protein/0.3"/>
          </sbol:Participation>
        </sbol:participation>
        <sbol:participation>
          <sbol:Participation rdf:about="http://www.phoenix.org/library/Garbage_Protein_pGarbage_RBS30_ModuleDefinition/Garbage_Protein_pGarbage_RBS30_Inhibition/pGarbage_RBS30_inhibited/0.3">
            <sbol:persistentIdentity rdf:resource="http://www.phoenix.org/library/Garbage_Protein_pGarbage_RBS30_ModuleDefinition/Garbage_Protein_pGarbage_RBS30_Inhibition/pGarbage_RBS30_inhibited"/>
            <sbol:displayId>pGarbage_RBS30_inhibited</sbol:displayId>
            <sbol:version>0.3</sbol:version>
            <sbol:role rdf:resource="http://identifiers.org/biomodels.sbo/SBO:0000642"/>
            <sbol:participant rdf:resource="http://www.phoenix.org/library/Garbage_Protein_pGarbage_RBS30_ModuleDefinition/pGarbage_RBS30/0.3"/>
          </sbol:Participation>
        </sbol:participation>
      </sbol:Interaction>
    </sbol:interaction>
    <sbol:model rdf:resource="http://www.phoenix.org/library/pGarbage_RBS30_Model/0.3"/>
  </sbol:ModuleDefinition>
  <sbol:ModuleDefinition rdf:about="http://www.phoenix.org/library/las_AHL_LasR_Protein_Compelx_pLas_RBS30_ModuleDefinition/0.3">
    <sbol:persistentIdentity rdf:resource="http://www.phoenix.org/library/las_AHL_LasR_Protein_Compelx_pLas_RBS30_ModuleDefinition"/>
    <sbol:displayId>las_AHL_LasR_Protein_Compelx_pLas_RBS30_ModuleDefinition</sbol:displayId>
    <sbol:version>0.3</sbol:version>
    <sbol:functionalComponent>
      <sbol:FunctionalComponent rdf:about="http://www.phoenix.org/library/las_AHL_LasR_Protein_Compelx_pLas_RBS30_ModuleDefinition/las_AHL_LasR_Protein_Compelx/0.3">
        <sbol:persistentIdentity rdf:resource="http://www.phoenix.org/library/las_AHL_LasR_Protein_Compelx_pLas_RBS30_ModuleDefinition/las_AHL_LasR_Protein_Compelx"/>
        <sbol:displayId>las_AHL_LasR_Protein_Compelx</sbol:displayId>
        <sbol:version>0.3</sbol:version>
        <sbol:definition rdf:resource="http://www.phoenix.org/library/las_AHL_LasR_Protein_Complex/0.3"/>
        <sbol:access rdf:resource="http://sbols.org/v2#private"/>
        <sbol:direction rdf:resource="http://sbols.org/v2#out"/>
      </sbol:FunctionalComponent>
    </sbol:functionalComponent>
    <sbol:functionalComponent>
      <sbol:FunctionalComponent rdf:about="http://www.phoenix.org/library/las_AHL_LasR_Protein_Compelx_pLas_RBS30_ModuleDefinition/pLas_RBS30/0.3">
        <sbol:persistentIdentity rdf:resource="http://www.phoenix.org/library/las_AHL_LasR_Protein_Compelx_pLas_RBS30_ModuleDefinition/pLas_RBS30"/>
        <sbol:displayId>pLas_RBS30</sbol:displayId>
        <sbol:version>0.3</sbol:version>
        <sbol:definition rdf:resource="http://www.phoenix.org/library/pLas_RBS30/0.3"/>
        <sbol:access rdf:resource="http://sbols.org/v2#private"/>
        <sbol:direction rdf:resource="http://sbols.org/v2#in"/>
      </sbol:FunctionalComponent>
    </sbol:functionalComponent>
    <sbol:interaction>
      <sbol:Interaction rdf:about="http://www.phoenix.org/library/las_AHL_LasR_Protein_Compelx_pLas_RBS30_ModuleDefinition/las_AHL_LasR_Protein_Compelx_pLas_RBS30_Stimulation/0.3">
        <sbol:persistentIdentity rdf:resource="http://www.phoenix.org/library/las_AHL_LasR_Protein_Compelx_pLas_RBS30_ModuleDefinition/las_AHL_LasR_Protein_Compelx_pLas_RBS30_Stimulation"/>
        <sbol:displayId>las_AHL_LasR_Protein_Compelx_pLas_RBS30_Stimulation</sbol:displayId>
        <sbol:version>0.3</sbol:version>
        <sbol:type rdf:resource="http://identifiers.org/biomodels.sbo/SBO:0000170"/>
        <sbol:participation>
          <sbol:Participation rdf:about="http://www.phoenix.org/library/las_AHL_LasR_Protein_Compelx_pLas_RBS30_ModuleDefinition/las_AHL_LasR_Protein_Compelx_pLas_RBS30_Stimulation/las_AHL_LasR_Protein_Compelx_stimulator/0.3">
            <sbol:persistentIdentity rdf:resource="http://www.phoenix.org/library/las_AHL_LasR_Protein_Compelx_pLas_RBS30_ModuleDefinition/las_AHL_LasR_Protein_Compelx_pLas_RBS30_Stimulation/las_AHL_LasR_Protein_Compelx_stimulator"/>
            <sbol:displayId>las_AHL_LasR_Protein_Compelx_stimulator</sbol:displayId>
            <sbol:version>0.3</sbol:version>
            <sbol:role rdf:resource="http://identifiers.org/biomodels.sbo/SBO:0000459"/>
            <sbol:participant rdf:resource="http://www.phoenix.org/library/las_AHL_LasR_Protein_Compelx_pLas_RBS30_ModuleDefinition/las_AHL_LasR_Protein_Compelx/0.3"/>
          </sbol:Participation>
        </sbol:participation>
        <sbol:participation>
          <sbol:Participation rdf:about="http://www.phoenix.org/library/las_AHL_LasR_Protein_Compelx_pLas_RBS30_ModuleDefinition/las_AHL_LasR_Protein_Compelx_pLas_RBS30_Stimulation/pLas_RBS30_stimulated/0.3">
            <sbol:persistentIdentity rdf:resource="http://www.phoenix.org/library/las_AHL_LasR_Protein_Compelx_pLas_RBS30_ModuleDefinition/las_AHL_LasR_Protein_Compelx_pLas_RBS30_Stimulation/pLas_RBS30_stimulated"/>
            <sbol:displayId>pLas_RBS30_stimulated</sbol:displayId>
            <sbol:version>0.3</sbol:version>
            <sbol:role rdf:resource="http://identifiers.org/biomodels.sbo/SBO:0000643"/>
            <sbol:participant rdf:resource="http://www.phoenix.org/library/las_AHL_LasR_Protein_Compelx_pLas_RBS30_ModuleDefinition/pLas_RBS30/0.3"/>
          </sbol:Participation>
        </sbol:participation>
      </sbol:Interaction>
    </sbol:interaction>
    <sbol:model rdf:resource="http://www.phoenix.org/library/pLas_RBS30_Model/0.3"/>
  </sbol:ModuleDefinition>
  <sbol:ModuleDefinition rdf:about="http://www.phoenix.org/library/las_AHL_LasR_Protein_complex_ModuleDefinition/0.3">
    <sbol:persistentIdentity rdf:resource="http://www.phoenix.org/library/las_AHL_LasR_Protein_complex_ModuleDefinition"/>
    <sbol:displayId>las_AHL_LasR_Protein_complex_ModuleDefinition</sbol:displayId>
    <sbol:version>0.3</sbol:version>
    <sbol:functionalComponent>
      <sbol:FunctionalComponent rdf:about="http://www.phoenix.org/library/las_AHL_LasR_Protein_complex_ModuleDefinition/LasR_Protein/0.3">
        <sbol:persistentIdentity rdf:resource="http://www.phoenix.org/library/las_AHL_LasR_Protein_complex_ModuleDefinition/LasR_Protein"/>
        <sbol:displayId>LasR_Protein</sbol:displayId>
        <sbol:version>0.3</sbol:version>
        <sbol:definition rdf:resource="http://www.phoenix.org/library/LasR_Protein/0.3"/>
        <sbol:access rdf:resource="http://sbols.org/v2#private"/>
        <sbol:direction rdf:resource="http://sbols.org/v2#none"/>
      </sbol:FunctionalComponent>
    </sbol:functionalComponent>
    <sbol:functionalComponent>
      <sbol:FunctionalComponent rdf:about="http://www.phoenix.org/library/las_AHL_LasR_Protein_complex_ModuleDefinition/las_AHL_LasR_Protein_Complex/0.3">
        <sbol:persistentIdentity rdf:resource="http://www.phoenix.org/library/las_AHL_LasR_Protein_complex_ModuleDefinition/las_AHL_LasR_Protein_Complex"/>
        <sbol:displayId>las_AHL_LasR_Protein_Complex</sbol:displayId>
        <sbol:version>0.3</sbol:version>
        <sbol:definition rdf:resource="http://www.phoenix.org/library/las_AHL_LasR_Protein_Complex/0.3"/>
        <sbol:access rdf:resource="http://sbols.org/v2#private"/>
        <sbol:direction rdf:resource="http://sbols.org/v2#none"/>
      </sbol:FunctionalComponent>
    </sbol:functionalComponent>
    <sbol:functionalComponent>
      <sbol:FunctionalComponent rdf:about="http://www.phoenix.org/library/las_AHL_LasR_Protein_complex_ModuleDefinition/las_AHL/0.3">
        <sbol:persistentIdentity rdf:resource="http://www.phoenix.org/library/las_AHL_LasR_Protein_complex_ModuleDefinition/las_AHL"/>
        <sbol:displayId>las_AHL</sbol:displayId>
        <sbol:version>0.3</sbol:version>
        <sbol:definition rdf:resource="http://www.phoenix.org/library/las_AHL/0.3"/>
        <sbol:access rdf:resource="http://sbols.org/v2#private"/>
        <sbol:direction rdf:resource="http://sbols.org/v2#none"/>
      </sbol:FunctionalComponent>
    </sbol:functionalComponent>
    <sbol:interaction>
      <sbol:Interaction rdf:about="http://www.phoenix.org/library/las_AHL_LasR_Protein_complex_ModuleDefinition/las_AHL_LasR_Protein_complex_formation/0.3">
        <sbol:persistentIdentity rdf:resource="http://www.phoenix.org/library/las_AHL_LasR_Protein_complex_ModuleDefinition/las_AHL_LasR_Protein_complex_formation"/>
        <sbol:displayId>las_AHL_LasR_Protein_complex_formation</sbol:displayId>
        <sbol:version>0.3</sbol:version>
        <sbol:type rdf:resource="http://identifiers.org/biomodels.sbo/SBO:0000177"/>
        <sbol:participation>
          <sbol:Participation rdf:about="http://www.phoenix.org/library/las_AHL_LasR_Protein_complex_ModuleDefinition/las_AHL_LasR_Protein_complex_formation/las_AHL/0.3">
            <sbol:persistentIdentity rdf:resource="http://www.phoenix.org/library/las_AHL_LasR_Protein_complex_ModuleDefinition/las_AHL_LasR_Protein_complex_formation/las_AHL"/>
            <sbol:displayId>las_AHL</sbol:displayId>
            <sbol:version>0.3</sbol:version>
            <sbol:role rdf:resource="http://identifiers.org/biomodels.sbo/SBO:0000010"/>
            <sbol:participant rdf:resource="http://www.phoenix.org/library/las_AHL_LasR_Protein_complex_ModuleDefinition/las_AHL/0.3"/>
          </sbol:Participation>
        </sbol:participation>
        <sbol:participation>
          <sbol:Participation rdf:about="http://www.phoenix.org/library/las_AHL_LasR_Protein_complex_ModuleDefinition/las_AHL_LasR_Protein_complex_formation/LasR_Protein/0.3">
            <sbol:persistentIdentity rdf:resource="http://www.phoenix.org/library/las_AHL_LasR_Protein_complex_ModuleDefinition/las_AHL_LasR_Protein_complex_formation/LasR_Protein"/>
            <sbol:displayId>LasR_Protein</sbol:displayId>
            <sbol:version>0.3</sbol:version>
            <sbol:role rdf:resource="http://identifiers.org/biomodels.sbo/SBO:0000010"/>
            <sbol:participant rdf:resource="http://www.phoenix.org/library/las_AHL_LasR_Protein_complex_ModuleDefinition/LasR_Protein/0.3"/>
          </sbol:Participation>
        </sbol:participation>
        <sbol:participation>
          <sbol:Participation rdf:about="http://www.phoenix.org/library/las_AHL_LasR_Protein_complex_ModuleDefinition/las_AHL_LasR_Protein_complex_formation/las_AHL_LasR_Protein_Complex/0.3">
            <sbol:persistentIdentity rdf:resource="http://www.phoenix.org/library/las_AHL_LasR_Protein_complex_ModuleDefinition/las_AHL_LasR_Protein_complex_formation/las_AHL_LasR_Protein_Complex"/>
            <sbol:displayId>las_AHL_LasR_Protein_Complex</sbol:displayId>
            <sbol:version>0.3</sbol:version>
            <sbol:role rdf:resource="http://identifiers.org/biomodels.sbo/SBO:0000011"/>
            <sbol:participant rdf:resource="http://www.phoenix.org/library/las_AHL_LasR_Protein_complex_ModuleDefinition/las_AHL_LasR_Protein_Complex/0.3"/>
          </sbol:Participation>
        </sbol:participation>
      </sbol:Interaction>
    </sbol:interaction>
  </sbol:ModuleDefinition>
  <sbol:ModuleDefinition rdf:about="http://www.phoenix.org/library/placIq_RBS30_ModuleDefinition/0.3">
    <sbol:persistentIdentity rdf:resource="http://www.phoenix.org/library/placIq_RBS30_ModuleDefinition"/>
    <sbol:displayId>placIq_RBS30_ModuleDefinition</sbol:displayId>
    <sbol:version>0.3</sbol:version>
    <sbol:functionalComponent>
      <sbol:FunctionalComponent rdf:about="http://www.phoenix.org/library/placIq_RBS30_ModuleDefinition/placIq_RBS30/0.3">
        <sbol:persistentIdentity rdf:resource="http://www.phoenix.org/library/placIq_RBS30_ModuleDefinition/placIq_RBS30"/>
        <sbol:displayId>placIq_RBS30</sbol:displayId>
        <sbol:version>0.3</sbol:version>
        <sbol:definition rdf:resource="http://www.phoenix.org/library/placIq_RBS30/0.3"/>
        <sbol:access rdf:resource="http://sbols.org/v2#private"/>
        <sbol:direction rdf:resource="http://sbols.org/v2#out"/>
      </sbol:FunctionalComponent>
    </sbol:functionalComponent>
    <sbol:model rdf:resource="http://www.phoenix.org/library/placIq_RBS30_Model/0.3"/>
  </sbol:ModuleDefinition>
  <sbol:ModuleDefinition rdf:about="http://www.phoenix.org/library/rhl_AHL_LasR_Protein_complex_ModuleDefinition/0.3">
    <sbol:persistentIdentity rdf:resource="http://www.phoenix.org/library/rhl_AHL_LasR_Protein_complex_ModuleDefinition"/>
    <sbol:displayId>rhl_AHL_LasR_Protein_complex_ModuleDefinition</sbol:displayId>
    <sbol:version>0.3</sbol:version>
    <sbol:functionalComponent>
      <sbol:FunctionalComponent rdf:about="http://www.phoenix.org/library/rhl_AHL_LasR_Protein_complex_ModuleDefinition/rhl_AHL_LasR_Protein_Complex/0.3">
        <sbol:persistentIdentity rdf:resource="http://www.phoenix.org/library/rhl_AHL_LasR_Protein_complex_ModuleDefinition/rhl_AHL_LasR_Protein_Complex"/>
        <sbol:displayId>rhl_AHL_LasR_Protein_Complex</sbol:displayId>
        <sbol:version>0.3</sbol:version>
        <sbol:definition rdf:resource="http://www.phoenix.org/library/rhl_AHL_LasR_Protein_Complex/0.3"/>
        <sbol:access rdf:resource="http://sbols.org/v2#private"/>
        <sbol:direction rdf:resource="http://sbols.org/v2#none"/>
      </sbol:FunctionalComponent>
    </sbol:functionalComponent>
    <sbol:functionalComponent>
      <sbol:FunctionalComponent rdf:about="http://www.phoenix.org/library/rhl_AHL_LasR_Protein_complex_ModuleDefinition/rhl_AHL/0.3">
        <sbol:persistentIdentity rdf:resource="http://www.phoenix.org/library/rhl_AHL_LasR_Protein_complex_ModuleDefinition/rhl_AHL"/>
        <sbol:displayId>rhl_AHL</sbol:displayId>
        <sbol:version>0.3</sbol:version>
        <sbol:definition rdf:resource="http://www.phoenix.org/library/rhl_AHL/0.3"/>
        <sbol:access rdf:resource="http://sbols.org/v2#private"/>
        <sbol:direction rdf:resource="http://sbols.org/v2#none"/>
      </sbol:FunctionalComponent>
    </sbol:functionalComponent>
    <sbol:functionalComponent>
      <sbol:FunctionalComponent rdf:about="http://www.phoenix.org/library/rhl_AHL_LasR_Protein_complex_ModuleDefinition/LasR_Protein/0.3">
        <sbol:persistentIdentity rdf:resource="http://www.phoenix.org/library/rhl_AHL_LasR_Protein_complex_ModuleDefinition/LasR_Protein"/>
        <sbol:displayId>LasR_Protein</sbol:displayId>
        <sbol:version>0.3</sbol:version>
        <sbol:definition rdf:resource="http://www.phoenix.org/library/LasR_Protein/0.3"/>
        <sbol:access rdf:resource="http://sbols.org/v2#private"/>
        <sbol:direction rdf:resource="http://sbols.org/v2#none"/>
      </sbol:FunctionalComponent>
    </sbol:functionalComponent>
    <sbol:interaction>
      <sbol:Interaction rdf:about="http://www.phoenix.org/library/rhl_AHL_LasR_Protein_complex_ModuleDefinition/rhl_AHL_LasR_Protein_complex_formation/0.3">
        <sbol:persistentIdentity rdf:resource="http://www.phoenix.org/library/rhl_AHL_LasR_Protein_complex_ModuleDefinition/rhl_AHL_LasR_Protein_complex_formation"/>
        <sbol:displayId>rhl_AHL_LasR_Protein_complex_formation</sbol:displayId>
        <sbol:version>0.3</sbol:version>
        <sbol:type rdf:resource="http://identifiers.org/biomodels.sbo/SBO:0000177"/>
        <sbol:participation>
          <sbol:Participation rdf:about="http://www.phoenix.org/library/rhl_AHL_LasR_Protein_complex_ModuleDefinition/rhl_AHL_LasR_Protein_complex_formation/LasR_Protein/0.3">
            <sbol:persistentIdentity rdf:resource="http://www.phoenix.org/library/rhl_AHL_LasR_Protein_complex_ModuleDefinition/rhl_AHL_LasR_Protein_complex_formation/LasR_Protein"/>
            <sbol:displayId>LasR_Protein</sbol:displayId>
            <sbol:version>0.3</sbol:version>
            <sbol:role rdf:resource="http://identifiers.org/biomodels.sbo/SBO:0000010"/>
            <sbol:participant rdf:resource="http://www.phoenix.org/library/rhl_AHL_LasR_Protein_complex_ModuleDefinition/LasR_Protein/0.3"/>
          </sbol:Participation>
        </sbol:participation>
        <sbol:participation>
          <sbol:Participation rdf:about="http://www.phoenix.org/library/rhl_AHL_LasR_Protein_complex_ModuleDefinition/rhl_AHL_LasR_Protein_complex_formation/rhl_AHL_LasR_Protein_Complex/0.3">
            <sbol:persistentIdentity rdf:resource="http://www.phoenix.org/library/rhl_AHL_LasR_Protein_complex_ModuleDefinition/rhl_AHL_LasR_Protein_complex_formation/rhl_AHL_LasR_Protein_Complex"/>
            <sbol:displayId>rhl_AHL_LasR_Protein_Complex</sbol:displayId>
            <sbol:version>0.3</sbol:version>
            <sbol:role rdf:resource="http://identifiers.org/biomodels.sbo/SBO:0000011"/>
            <sbol:participant rdf:resource="http://www.phoenix.org/library/rhl_AHL_LasR_Protein_complex_ModuleDefinition/rhl_AHL_LasR_Protein_Complex/0.3"/>
          </sbol:Participation>
        </sbol:participation>
        <sbol:participation>
          <sbol:Participation rdf:about="http://www.phoenix.org/library/rhl_AHL_LasR_Protein_complex_ModuleDefinition/rhl_AHL_LasR_Protein_complex_formation/rhl_AHL/0.3">
            <sbol:persistentIdentity rdf:resource="http://www.phoenix.org/library/rhl_AHL_LasR_Protein_complex_ModuleDefinition/rhl_AHL_LasR_Protein_complex_formation/rhl_AHL"/>
            <sbol:displayId>rhl_AHL</sbol:displayId>
            <sbol:version>0.3</sbol:version>
            <sbol:role rdf:resource="http://identifiers.org/biomodels.sbo/SBO:0000010"/>
            <sbol:participant rdf:resource="http://www.phoenix.org/library/rhl_AHL_LasR_Protein_complex_ModuleDefinition/rhl_AHL/0.3"/>
          </sbol:Participation>
        </sbol:participation>
      </sbol:Interaction>
    </sbol:interaction>
  </sbol:ModuleDefinition>
  <sbol:ModuleDefinition rdf:about="http://www.phoenix.org/library/arabinose_AraC_Protein_Compelx_pBAD_RBS30_ModuleDefinition/0.3">
    <sbol:persistentIdentity rdf:resource="http://www.phoenix.org/library/arabinose_AraC_Protein_Compelx_pBAD_RBS30_ModuleDefinition"/>
    <sbol:displayId>arabinose_AraC_Protein_Compelx_pBAD_RBS30_ModuleDefinition</sbol:displayId>
    <sbol:version>0.3</sbol:version>
    <sbol:functionalComponent>
      <sbol:FunctionalComponent rdf:about="http://www.phoenix.org/library/arabinose_AraC_Protein_Compelx_pBAD_RBS30_ModuleDefinition/arabinose_AraC_Protein_Compelx/0.3">
        <sbol:persistentIdentity rdf:resource="http://www.phoenix.org/library/arabinose_AraC_Protein_Compelx_pBAD_RBS30_ModuleDefinition/arabinose_AraC_Protein_Compelx"/>
        <sbol:displayId>arabinose_AraC_Protein_Compelx</sbol:displayId>
        <sbol:version>0.3</sbol:version>
        <sbol:definition rdf:resource="http://www.phoenix.org/library/arabinose_AraC_Protein_Complex/0.3"/>
        <sbol:access rdf:resource="http://sbols.org/v2#private"/>
        <sbol:direction rdf:resource="http://sbols.org/v2#out"/>
      </sbol:FunctionalComponent>
    </sbol:functionalComponent>
    <sbol:functionalComponent>
      <sbol:FunctionalComponent rdf:about="http://www.phoenix.org/library/arabinose_AraC_Protein_Compelx_pBAD_RBS30_ModuleDefinition/pBAD_RBS30/0.3">
        <sbol:persistentIdentity rdf:resource="http://www.phoenix.org/library/arabinose_AraC_Protein_Compelx_pBAD_RBS30_ModuleDefinition/pBAD_RBS30"/>
        <sbol:displayId>pBAD_RBS30</sbol:displayId>
        <sbol:version>0.3</sbol:version>
        <sbol:definition rdf:resource="http://www.phoenix.org/library/pBAD_RBS30/0.3"/>
        <sbol:access rdf:resource="http://sbols.org/v2#private"/>
        <sbol:direction rdf:resource="http://sbols.org/v2#in"/>
      </sbol:FunctionalComponent>
    </sbol:functionalComponent>
    <sbol:interaction>
      <sbol:Interaction rdf:about="http://www.phoenix.org/library/arabinose_AraC_Protein_Compelx_pBAD_RBS30_ModuleDefinition/arabinose_AraC_Protein_Compelx_pBAD_RBS30_Stimulation/0.3">
        <sbol:persistentIdentity rdf:resource="http://www.phoenix.org/library/arabinose_AraC_Protein_Compelx_pBAD_RBS30_ModuleDefinition/arabinose_AraC_Protein_Compelx_pBAD_RBS30_Stimulation"/>
        <sbol:displayId>arabinose_AraC_Protein_Compelx_pBAD_RBS30_Stimulation</sbol:displayId>
        <sbol:version>0.3</sbol:version>
        <sbol:type rdf:resource="http://identifiers.org/biomodels.sbo/SBO:0000170"/>
        <sbol:participation>
          <sbol:Participation rdf:about="http://www.phoenix.org/library/arabinose_AraC_Protein_Compelx_pBAD_RBS30_ModuleDefinition/arabinose_AraC_Protein_Compelx_pBAD_RBS30_Stimulation/pBAD_RBS30_stimulated/0.3">
            <sbol:persistentIdentity rdf:resource="http://www.phoenix.org/library/arabinose_AraC_Protein_Compelx_pBAD_RBS30_ModuleDefinition/arabinose_AraC_Protein_Compelx_pBAD_RBS30_Stimulation/pBAD_RBS30_stimulated"/>
            <sbol:displayId>pBAD_RBS30_stimulated</sbol:displayId>
            <sbol:version>0.3</sbol:version>
            <sbol:role rdf:resource="http://identifiers.org/biomodels.sbo/SBO:0000643"/>
            <sbol:participant rdf:resource="http://www.phoenix.org/library/arabinose_AraC_Protein_Compelx_pBAD_RBS30_ModuleDefinition/pBAD_RBS30/0.3"/>
          </sbol:Participation>
        </sbol:participation>
        <sbol:participation>
          <sbol:Participation rdf:about="http://www.phoenix.org/library/arabinose_AraC_Protein_Compelx_pBAD_RBS30_ModuleDefinition/arabinose_AraC_Protein_Compelx_pBAD_RBS30_Stimulation/arabinose_AraC_Protein_Compelx_stimulator/0.3">
            <sbol:persistentIdentity rdf:resource="http://www.phoenix.org/library/arabinose_AraC_Protein_Compelx_pBAD_RBS30_ModuleDefinition/arabinose_AraC_Protein_Compelx_pBAD_RBS30_Stimulation/arabinose_AraC_Protein_Compelx_stimulator"/>
            <sbol:displayId>arabinose_AraC_Protein_Compelx_stimulator</sbol:displayId>
            <sbol:version>0.3</sbol:version>
            <sbol:role rdf:resource="http://identifiers.org/biomodels.sbo/SBO:0000459"/>
            <sbol:participant rdf:resource="http://www.phoenix.org/library/arabinose_AraC_Protein_Compelx_pBAD_RBS30_ModuleDefinition/arabinose_AraC_Protein_Compelx/0.3"/>
          </sbol:Participation>
        </sbol:participation>
      </sbol:Interaction>
    </sbol:interaction>
    <sbol:model rdf:resource="http://www.phoenix.org/library/pBAD_RBS30_Model/0.3"/>
  </sbol:ModuleDefinition>
  <sbol:ModuleDefinition rdf:about="http://www.phoenix.org/library/arabinose_AraC_Protein_complex_ModuleDefinition/0.3">
    <sbol:persistentIdentity rdf:resource="http://www.phoenix.org/library/arabinose_AraC_Protein_complex_ModuleDefinition"/>
    <sbol:displayId>arabinose_AraC_Protein_complex_ModuleDefinition</sbol:displayId>
    <sbol:version>0.3</sbol:version>
    <sbol:functionalComponent>
      <sbol:FunctionalComponent rdf:about="http://www.phoenix.org/library/arabinose_AraC_Protein_complex_ModuleDefinition/arabinose_AraC_Protein_Complex/0.3">
        <sbol:persistentIdentity rdf:resource="http://www.phoenix.org/library/arabinose_AraC_Protein_complex_ModuleDefinition/arabinose_AraC_Protein_Complex"/>
        <sbol:displayId>arabinose_AraC_Protein_Complex</sbol:displayId>
        <sbol:version>0.3</sbol:version>
        <sbol:definition rdf:resource="http://www.phoenix.org/library/arabinose_AraC_Protein_Complex/0.3"/>
        <sbol:access rdf:resource="http://sbols.org/v2#private"/>
        <sbol:direction rdf:resource="http://sbols.org/v2#none"/>
      </sbol:FunctionalComponent>
    </sbol:functionalComponent>
    <sbol:functionalComponent>
      <sbol:FunctionalComponent rdf:about="http://www.phoenix.org/library/arabinose_AraC_Protein_complex_ModuleDefinition/arabinose/0.3">
        <sbol:persistentIdentity rdf:resource="http://www.phoenix.org/library/arabinose_AraC_Protein_complex_ModuleDefinition/arabinose"/>
        <sbol:displayId>arabinose</sbol:displayId>
        <sbol:version>0.3</sbol:version>
        <sbol:definition rdf:resource="http://www.phoenix.org/library/arabinose/0.3"/>
        <sbol:access rdf:resource="http://sbols.org/v2#private"/>
        <sbol:direction rdf:resource="http://sbols.org/v2#none"/>
      </sbol:FunctionalComponent>
    </sbol:functionalComponent>
    <sbol:functionalComponent>
      <sbol:FunctionalComponent rdf:about="http://www.phoenix.org/library/arabinose_AraC_Protein_complex_ModuleDefinition/AraC_Protein/0.3">
        <sbol:persistentIdentity rdf:resource="http://www.phoenix.org/library/arabinose_AraC_Protein_complex_ModuleDefinition/AraC_Protein"/>
        <sbol:displayId>AraC_Protein</sbol:displayId>
        <sbol:version>0.3</sbol:version>
        <sbol:definition rdf:resource="http://www.phoenix.org/library/AraC_Protein/0.3"/>
        <sbol:access rdf:resource="http://sbols.org/v2#private"/>
        <sbol:direction rdf:resource="http://sbols.org/v2#none"/>
      </sbol:FunctionalComponent>
    </sbol:functionalComponent>
    <sbol:interaction>
      <sbol:Interaction rdf:about="http://www.phoenix.org/library/arabinose_AraC_Protein_complex_ModuleDefinition/arabinose_AraC_Protein_complex_formation/0.3">
        <sbol:persistentIdentity rdf:resource="http://www.phoenix.org/library/arabinose_AraC_Protein_complex_ModuleDefinition/arabinose_AraC_Protein_complex_formation"/>
        <sbol:displayId>arabinose_AraC_Protein_complex_formation</sbol:displayId>
        <sbol:version>0.3</sbol:version>
        <sbol:type rdf:resource="http://identifiers.org/biomodels.sbo/SBO:0000177"/>
        <sbol:participation>
          <sbol:Participation rdf:about="http://www.phoenix.org/library/arabinose_AraC_Protein_complex_ModuleDefinition/arabinose_AraC_Protein_complex_formation/arabinose_AraC_Protein_Complex/0.3">
            <sbol:persistentIdentity rdf:resource="http://www.phoenix.org/library/arabinose_AraC_Protein_complex_ModuleDefinition/arabinose_AraC_Protein_complex_formation/arabinose_AraC_Protein_Complex"/>
            <sbol:displayId>arabinose_AraC_Protein_Complex</sbol:displayId>
            <sbol:version>0.3</sbol:version>
            <sbol:role rdf:resource="http://identifiers.org/biomodels.sbo/SBO:0000011"/>
            <sbol:participant rdf:resource="http://www.phoenix.org/library/arabinose_AraC_Protein_complex_ModuleDefinition/arabinose_AraC_Protein_Complex/0.3"/>
          </sbol:Participation>
        </sbol:participation>
        <sbol:participation>
          <sbol:Participation rdf:about="http://www.phoenix.org/library/arabinose_AraC_Protein_complex_ModuleDefinition/arabinose_AraC_Protein_complex_formation/arabinose/0.3">
            <sbol:persistentIdentity rdf:resource="http://www.phoenix.org/library/arabinose_AraC_Protein_complex_ModuleDefinition/arabinose_AraC_Protein_complex_formation/arabinose"/>
            <sbol:displayId>arabinose</sbol:displayId>
            <sbol:version>0.3</sbol:version>
            <sbol:role rdf:resource="http://identifiers.org/biomodels.sbo/SBO:0000010"/>
            <sbol:participant rdf:resource="http://www.phoenix.org/library/arabinose_AraC_Protein_complex_ModuleDefinition/arabinose/0.3"/>
          </sbol:Participation>
        </sbol:participation>
        <sbol:participation>
          <sbol:Participation rdf:about="http://www.phoenix.org/library/arabinose_AraC_Protein_complex_ModuleDefinition/arabinose_AraC_Protein_complex_formation/AraC_Protein/0.3">
            <sbol:persistentIdentity rdf:resource="http://www.phoenix.org/library/arabinose_AraC_Protein_complex_ModuleDefinition/arabinose_AraC_Protein_complex_formation/AraC_Protein"/>
            <sbol:displayId>AraC_Protein</sbol:displayId>
            <sbol:version>0.3</sbol:version>
            <sbol:role rdf:resource="http://identifiers.org/biomodels.sbo/SBO:0000010"/>
            <sbol:participant rdf:resource="http://www.phoenix.org/library/arabinose_AraC_Protein_complex_ModuleDefinition/AraC_Protein/0.3"/>
          </sbol:Participation>
        </sbol:participation>
      </sbol:Interaction>
    </sbol:interaction>
  </sbol:ModuleDefinition>
  <sbol:ModuleDefinition rdf:about="http://www.phoenix.org/library/GFP_protein_production/0.3">
    <sbol:persistentIdentity rdf:resource="http://www.phoenix.org/library/GFP_protein_production"/>
    <sbol:displayId>GFP_protein_production</sbol:displayId>
    <sbol:version>0.3</sbol:version>
    <dcterms:title>GFP Protein Production</dcterms:title>
    <sbol:functionalComponent>
      <sbol:FunctionalComponent rdf:about="http://www.phoenix.org/library/GFP_protein_production/GFP/0.3">
        <sbol:persistentIdentity rdf:resource="http://www.phoenix.org/library/GFP_protein_production/GFP"/>
        <sbol:displayId>GFP</sbol:displayId>
        <sbol:version>0.3</sbol:version>
        <sbol:definition rdf:resource="http://www.phoenix.org/library/GFP/0.3"/>
        <sbol:access rdf:resource="http://sbols.org/v2#private"/>
        <sbol:direction rdf:resource="http://sbols.org/v2#out"/>
      </sbol:FunctionalComponent>
    </sbol:functionalComponent>
    <sbol:functionalComponent>
      <sbol:FunctionalComponent rdf:about="http://www.phoenix.org/library/GFP_protein_production/GFP_Protein/0.3">
        <sbol:persistentIdentity rdf:resource="http://www.phoenix.org/library/GFP_protein_production/GFP_Protein"/>
        <sbol:displayId>GFP_Protein</sbol:displayId>
        <sbol:version>0.3</sbol:version>
        <sbol:definition rdf:resource="http://www.phoenix.org/library/GFP_Protein/0.3"/>
        <sbol:access rdf:resource="http://sbols.org/v2#private"/>
        <sbol:direction rdf:resource="http://sbols.org/v2#in"/>
      </sbol:FunctionalComponent>
    </sbol:functionalComponent>
    <sbol:interaction>
      <sbol:Interaction rdf:about="http://www.phoenix.org/library/GFP_protein_production/GFP_production/0.3">
        <sbol:persistentIdentity rdf:resource="http://www.phoenix.org/library/GFP_protein_production/GFP_production"/>
        <sbol:displayId>GFP_production</sbol:displayId>
        <sbol:version>0.3</sbol:version>
        <sbol:type rdf:resource="http://identifiers.org/biomodels.sbo/SBO:0000393"/>
        <sbol:participation>
          <sbol:Participation rdf:about="http://www.phoenix.org/library/GFP_protein_production/GFP_production/GFP_product/0.3">
            <sbol:persistentIdentity rdf:resource="http://www.phoenix.org/library/GFP_protein_production/GFP_production/GFP_product"/>
            <sbol:displayId>GFP_product</sbol:displayId>
            <sbol:version>0.3</sbol:version>
            <sbol:role rdf:resource="http://identifiers.org/biomodels.sbo/SBO:0000011"/>
            <sbol:participant rdf:resource="http://www.phoenix.org/library/GFP_protein_production/GFP_Protein/0.3"/>
          </sbol:Participation>
        </sbol:participation>
        <sbol:participation>
          <sbol:Participation rdf:about="http://www.phoenix.org/library/GFP_protein_production/GFP_production/GFP_template/0.3">
            <sbol:persistentIdentity rdf:resource="http://www.phoenix.org/library/GFP_protein_production/GFP_production/GFP_template"/>
            <sbol:displayId>GFP_template</sbol:displayId>
            <sbol:version>0.3</sbol:version>
            <sbol:role rdf:resource="http://identifiers.org/biomodels.sbo/SBO:0000645"/>
            <sbol:participant rdf:resource="http://www.phoenix.org/library/GFP_protein_production/GFP/0.3"/>
          </sbol:Participation>
        </sbol:participation>
      </sbol:Interaction>
    </sbol:interaction>
    <sbol:model rdf:resource="http://www.phoenix.org/library/GFP_Model/0.3"/>
  </sbol:ModuleDefinition>
  <sbol:ModuleDefinition rdf:about="http://www.phoenix.org/library/TetR_protein_production/0.3">
    <sbol:persistentIdentity rdf:resource="http://www.phoenix.org/library/TetR_protein_production"/>
    <sbol:displayId>TetR_protein_production</sbol:displayId>
    <sbol:version>0.3</sbol:version>
    <dcterms:title>TetR Protein Production</dcterms:title>
    <sbol:functionalComponent>
      <sbol:FunctionalComponent rdf:about="http://www.phoenix.org/library/TetR_protein_production/TetR_Protein/0.3">
        <sbol:persistentIdentity rdf:resource="http://www.phoenix.org/library/TetR_protein_production/TetR_Protein"/>
        <sbol:displayId>TetR_Protein</sbol:displayId>
        <sbol:version>0.3</sbol:version>
        <sbol:definition rdf:resource="http://www.phoenix.org/library/TetR_Protein/0.3"/>
        <sbol:access rdf:resource="http://sbols.org/v2#private"/>
        <sbol:direction rdf:resource="http://sbols.org/v2#in"/>
      </sbol:FunctionalComponent>
    </sbol:functionalComponent>
    <sbol:functionalComponent>
      <sbol:FunctionalComponent rdf:about="http://www.phoenix.org/library/TetR_protein_production/TetR/0.3">
        <sbol:persistentIdentity rdf:resource="http://www.phoenix.org/library/TetR_protein_production/TetR"/>
        <sbol:displayId>TetR</sbol:displayId>
        <sbol:version>0.3</sbol:version>
        <sbol:definition rdf:resource="http://www.phoenix.org/library/TetR/0.3"/>
        <sbol:access rdf:resource="http://sbols.org/v2#private"/>
        <sbol:direction rdf:resource="http://sbols.org/v2#out"/>
      </sbol:FunctionalComponent>
    </sbol:functionalComponent>
    <sbol:interaction>
      <sbol:Interaction rdf:about="http://www.phoenix.org/library/TetR_protein_production/TetR_production/0.3">
        <sbol:persistentIdentity rdf:resource="http://www.phoenix.org/library/TetR_protein_production/TetR_production"/>
        <sbol:displayId>TetR_production</sbol:displayId>
        <sbol:version>0.3</sbol:version>
        <sbol:type rdf:resource="http://identifiers.org/biomodels.sbo/SBO:0000393"/>
        <sbol:participation>
          <sbol:Participation rdf:about="http://www.phoenix.org/library/TetR_protein_production/TetR_production/TetR_product/0.3">
            <sbol:persistentIdentity rdf:resource="http://www.phoenix.org/library/TetR_protein_production/TetR_production/TetR_product"/>
            <sbol:displayId>TetR_product</sbol:displayId>
            <sbol:version>0.3</sbol:version>
            <sbol:role rdf:resource="http://identifiers.org/biomodels.sbo/SBO:0000011"/>
            <sbol:participant rdf:resource="http://www.phoenix.org/library/TetR_protein_production/TetR_Protein/0.3"/>
          </sbol:Participation>
        </sbol:participation>
        <sbol:participation>
          <sbol:Participation rdf:about="http://www.phoenix.org/library/TetR_protein_production/TetR_production/TetR_template/0.3">
            <sbol:persistentIdentity rdf:resource="http://www.phoenix.org/library/TetR_protein_production/TetR_production/TetR_template"/>
            <sbol:displayId>TetR_template</sbol:displayId>
            <sbol:version>0.3</sbol:version>
            <sbol:role rdf:resource="http://identifiers.org/biomodels.sbo/SBO:0000645"/>
            <sbol:participant rdf:resource="http://www.phoenix.org/library/TetR_protein_production/TetR/0.3"/>
          </sbol:Participation>
        </sbol:participation>
      </sbol:Interaction>
    </sbol:interaction>
    <sbol:model rdf:resource="http://www.phoenix.org/library/TetR_Model/0.3"/>
  </sbol:ModuleDefinition>
  <sbol:ModuleDefinition rdf:about="http://www.phoenix.org/library/AraC_protein_production/0.3">
    <sbol:persistentIdentity rdf:resource="http://www.phoenix.org/library/AraC_protein_production"/>
    <sbol:displayId>AraC_protein_production</sbol:displayId>
    <sbol:version>0.3</sbol:version>
    <dcterms:title>AraC Protein Production</dcterms:title>
    <sbol:functionalComponent>
      <sbol:FunctionalComponent rdf:about="http://www.phoenix.org/library/AraC_protein_production/AraC/0.3">
        <sbol:persistentIdentity rdf:resource="http://www.phoenix.org/library/AraC_protein_production/AraC"/>
        <sbol:displayId>AraC</sbol:displayId>
        <sbol:version>0.3</sbol:version>
        <sbol:definition rdf:resource="http://www.phoenix.org/library/AraC/0.3"/>
        <sbol:access rdf:resource="http://sbols.org/v2#private"/>
        <sbol:direction rdf:resource="http://sbols.org/v2#out"/>
      </sbol:FunctionalComponent>
    </sbol:functionalComponent>
    <sbol:functionalComponent>
      <sbol:FunctionalComponent rdf:about="http://www.phoenix.org/library/AraC_protein_production/AraC_Protein/0.3">
        <sbol:persistentIdentity rdf:resource="http://www.phoenix.org/library/AraC_protein_production/AraC_Protein"/>
        <sbol:displayId>AraC_Protein</sbol:displayId>
        <sbol:version>0.3</sbol:version>
        <sbol:definition rdf:resource="http://www.phoenix.org/library/AraC_Protein/0.3"/>
        <sbol:access rdf:resource="http://sbols.org/v2#private"/>
        <sbol:direction rdf:resource="http://sbols.org/v2#in"/>
      </sbol:FunctionalComponent>
    </sbol:functionalComponent>
    <sbol:interaction>
      <sbol:Interaction rdf:about="http://www.phoenix.org/library/AraC_protein_production/AraC_production/0.3">
        <sbol:persistentIdentity rdf:resource="http://www.phoenix.org/library/AraC_protein_production/AraC_production"/>
        <sbol:displayId>AraC_production</sbol:displayId>
        <sbol:version>0.3</sbol:version>
        <sbol:type rdf:resource="http://identifiers.org/biomodels.sbo/SBO:0000393"/>
        <sbol:participation>
          <sbol:Participation rdf:about="http://www.phoenix.org/library/AraC_protein_production/AraC_production/AraC_product/0.3">
            <sbol:persistentIdentity rdf:resource="http://www.phoenix.org/library/AraC_protein_production/AraC_production/AraC_product"/>
            <sbol:displayId>AraC_product</sbol:displayId>
            <sbol:version>0.3</sbol:version>
            <sbol:role rdf:resource="http://identifiers.org/biomodels.sbo/SBO:0000011"/>
            <sbol:participant rdf:resource="http://www.phoenix.org/library/AraC_protein_production/AraC_Protein/0.3"/>
          </sbol:Participation>
        </sbol:participation>
        <sbol:participation>
          <sbol:Participation rdf:about="http://www.phoenix.org/library/AraC_protein_production/AraC_production/AraC_template/0.3">
            <sbol:persistentIdentity rdf:resource="http://www.phoenix.org/library/AraC_protein_production/AraC_production/AraC_template"/>
            <sbol:displayId>AraC_template</sbol:displayId>
            <sbol:version>0.3</sbol:version>
            <sbol:role rdf:resource="http://identifiers.org/biomodels.sbo/SBO:0000645"/>
            <sbol:participant rdf:resource="http://www.phoenix.org/library/AraC_protein_production/AraC/0.3"/>
          </sbol:Participation>
        </sbol:participation>
      </sbol:Interaction>
    </sbol:interaction>
    <sbol:model rdf:resource="http://www.phoenix.org/library/AraC_Model/0.3"/>
  </sbol:ModuleDefinition>
  <sbol:ModuleDefinition rdf:about="http://www.phoenix.org/library/Garbage_protein_production/0.3">
    <sbol:persistentIdentity rdf:resource="http://www.phoenix.org/library/Garbage_protein_production"/>
    <sbol:displayId>Garbage_protein_production</sbol:displayId>
    <sbol:version>0.3</sbol:version>
    <dcterms:title>Garbage Protein Production</dcterms:title>
    <sbol:functionalComponent>
      <sbol:FunctionalComponent rdf:about="http://www.phoenix.org/library/Garbage_protein_production/Garbage_Protein/0.3">
        <sbol:persistentIdentity rdf:resource="http://www.phoenix.org/library/Garbage_protein_production/Garbage_Protein"/>
        <sbol:displayId>Garbage_Protein</sbol:displayId>
        <sbol:version>0.3</sbol:version>
        <sbol:definition rdf:resource="http://www.phoenix.org/library/Garbage_Protein/0.3"/>
        <sbol:access rdf:resource="http://sbols.org/v2#private"/>
        <sbol:direction rdf:resource="http://sbols.org/v2#in"/>
      </sbol:FunctionalComponent>
    </sbol:functionalComponent>
    <sbol:functionalComponent>
      <sbol:FunctionalComponent rdf:about="http://www.phoenix.org/library/Garbage_protein_production/Garbage/0.3">
        <sbol:persistentIdentity rdf:resource="http://www.phoenix.org/library/Garbage_protein_production/Garbage"/>
        <sbol:displayId>Garbage</sbol:displayId>
        <sbol:version>0.3</sbol:version>
        <sbol:definition rdf:resource="http://www.phoenix.org/library/Garbage/0.3"/>
        <sbol:access rdf:resource="http://sbols.org/v2#private"/>
        <sbol:direction rdf:resource="http://sbols.org/v2#out"/>
      </sbol:FunctionalComponent>
    </sbol:functionalComponent>
    <sbol:interaction>
      <sbol:Interaction rdf:about="http://www.phoenix.org/library/Garbage_protein_production/Garbage_production/0.3">
        <sbol:persistentIdentity rdf:resource="http://www.phoenix.org/library/Garbage_protein_production/Garbage_production"/>
        <sbol:displayId>Garbage_production</sbol:displayId>
        <sbol:version>0.3</sbol:version>
        <sbol:type rdf:resource="http://identifiers.org/biomodels.sbo/SBO:0000393"/>
        <sbol:participation>
          <sbol:Participation rdf:about="http://www.phoenix.org/library/Garbage_protein_production/Garbage_production/Garbage_template/0.3">
            <sbol:persistentIdentity rdf:resource="http://www.phoenix.org/library/Garbage_protein_production/Garbage_production/Garbage_template"/>
            <sbol:displayId>Garbage_template</sbol:displayId>
            <sbol:version>0.3</sbol:version>
            <sbol:role rdf:resource="http://identifiers.org/biomodels.sbo/SBO:0000645"/>
            <sbol:participant rdf:resource="http://www.phoenix.org/library/Garbage_protein_production/Garbage/0.3"/>
          </sbol:Participation>
        </sbol:participation>
        <sbol:participation>
          <sbol:Participation rdf:about="http://www.phoenix.org/library/Garbage_protein_production/Garbage_production/Garbage_product/0.3">
            <sbol:persistentIdentity rdf:resource="http://www.phoenix.org/library/Garbage_protein_production/Garbage_production/Garbage_product"/>
            <sbol:displayId>Garbage_product</sbol:displayId>
            <sbol:version>0.3</sbol:version>
            <sbol:role rdf:resource="http://identifiers.org/biomodels.sbo/SBO:0000011"/>
            <sbol:participant rdf:resource="http://www.phoenix.org/library/Garbage_protein_production/Garbage_Protein/0.3"/>
          </sbol:Participation>
        </sbol:participation>
      </sbol:Interaction>
    </sbol:interaction>
    <sbol:model rdf:resource="http://www.phoenix.org/library/Garbage_Model/0.3"/>
  </sbol:ModuleDefinition>
  <sbol:ModuleDefinition rdf:about="http://www.phoenix.org/library/TetR_Protein_pTet_RBS30_ModuleDefinition/0.3">
    <sbol:persistentIdentity rdf:resource="http://www.phoenix.org/library/TetR_Protein_pTet_RBS30_ModuleDefinition"/>
    <sbol:displayId>TetR_Protein_pTet_RBS30_ModuleDefinition</sbol:displayId>
    <sbol:version>0.3</sbol:version>
    <sbol:functionalComponent>
      <sbol:FunctionalComponent rdf:about="http://www.phoenix.org/library/TetR_Protein_pTet_RBS30_ModuleDefinition/TetR_Protein/0.3">
        <sbol:persistentIdentity rdf:resource="http://www.phoenix.org/library/TetR_Protein_pTet_RBS30_ModuleDefinition/TetR_Protein"/>
        <sbol:displayId>TetR_Protein</sbol:displayId>
        <sbol:version>0.3</sbol:version>
        <sbol:definition rdf:resource="http://www.phoenix.org/library/TetR_Protein/0.3"/>
        <sbol:access rdf:resource="http://sbols.org/v2#private"/>
        <sbol:direction rdf:resource="http://sbols.org/v2#out"/>
      </sbol:FunctionalComponent>
    </sbol:functionalComponent>
    <sbol:functionalComponent>
      <sbol:FunctionalComponent rdf:about="http://www.phoenix.org/library/TetR_Protein_pTet_RBS30_ModuleDefinition/pTet_RBS30/0.3">
        <sbol:persistentIdentity rdf:resource="http://www.phoenix.org/library/TetR_Protein_pTet_RBS30_ModuleDefinition/pTet_RBS30"/>
        <sbol:displayId>pTet_RBS30</sbol:displayId>
        <sbol:version>0.3</sbol:version>
        <sbol:definition rdf:resource="http://www.phoenix.org/library/pTet_RBS30/0.3"/>
        <sbol:access rdf:resource="http://sbols.org/v2#private"/>
        <sbol:direction rdf:resource="http://sbols.org/v2#in"/>
      </sbol:FunctionalComponent>
    </sbol:functionalComponent>
    <sbol:interaction>
      <sbol:Interaction rdf:about="http://www.phoenix.org/library/TetR_Protein_pTet_RBS30_ModuleDefinition/TetR_Protein_pTet_RBS30_Inhibition/0.3">
        <sbol:persistentIdentity rdf:resource="http://www.phoenix.org/library/TetR_Protein_pTet_RBS30_ModuleDefinition/TetR_Protein_pTet_RBS30_Inhibition"/>
        <sbol:displayId>TetR_Protein_pTet_RBS30_Inhibition</sbol:displayId>
        <sbol:version>0.3</sbol:version>
        <sbol:type rdf:resource="http://identifiers.org/biomodels.sbo/SBO:0000169"/>
        <sbol:participation>
          <sbol:Participation rdf:about="http://www.phoenix.org/library/TetR_Protein_pTet_RBS30_ModuleDefinition/TetR_Protein_pTet_RBS30_Inhibition/TetR_Protein_inhibitor/0.3">
            <sbol:persistentIdentity rdf:resource="http://www.phoenix.org/library/TetR_Protein_pTet_RBS30_ModuleDefinition/TetR_Protein_pTet_RBS30_Inhibition/TetR_Protein_inhibitor"/>
            <sbol:displayId>TetR_Protein_inhibitor</sbol:displayId>
            <sbol:version>0.3</sbol:version>
            <sbol:role rdf:resource="http://identifiers.org/biomodels.sbo/SBO:0000020"/>
            <sbol:participant rdf:resource="http://www.phoenix.org/library/TetR_Protein_pTet_RBS30_ModuleDefinition/TetR_Protein/0.3"/>
          </sbol:Participation>
        </sbol:participation>
        <sbol:participation>
          <sbol:Participation rdf:about="http://www.phoenix.org/library/TetR_Protein_pTet_RBS30_ModuleDefinition/TetR_Protein_pTet_RBS30_Inhibition/pTet_RBS30_inhibited/0.3">
            <sbol:persistentIdentity rdf:resource="http://www.phoenix.org/library/TetR_Protein_pTet_RBS30_ModuleDefinition/TetR_Protein_pTet_RBS30_Inhibition/pTet_RBS30_inhibited"/>
            <sbol:displayId>pTet_RBS30_inhibited</sbol:displayId>
            <sbol:version>0.3</sbol:version>
            <sbol:role rdf:resource="http://identifiers.org/biomodels.sbo/SBO:0000642"/>
            <sbol:participant rdf:resource="http://www.phoenix.org/library/TetR_Protein_pTet_RBS30_ModuleDefinition/pTet_RBS30/0.3"/>
          </sbol:Participation>
        </sbol:participation>
      </sbol:Interaction>
    </sbol:interaction>
    <sbol:model rdf:resource="http://www.phoenix.org/library/pTet_RBS30_Model/0.3"/>
  </sbol:ModuleDefinition>
  <sbol:ModuleDefinition rdf:about="http://www.phoenix.org/library/LasR_protein_production/0.3">
    <sbol:persistentIdentity rdf:resource="http://www.phoenix.org/library/LasR_protein_production"/>
    <sbol:displayId>LasR_protein_production</sbol:displayId>
    <sbol:version>0.3</sbol:version>
    <dcterms:title>LasR Protein Production</dcterms:title>
    <sbol:functionalComponent>
      <sbol:FunctionalComponent rdf:about="http://www.phoenix.org/library/LasR_protein_production/LasR/0.3">
        <sbol:persistentIdentity rdf:resource="http://www.phoenix.org/library/LasR_protein_production/LasR"/>
        <sbol:displayId>LasR</sbol:displayId>
        <sbol:version>0.3</sbol:version>
        <sbol:definition rdf:resource="http://www.phoenix.org/library/LasR/0.3"/>
        <sbol:access rdf:resource="http://sbols.org/v2#private"/>
        <sbol:direction rdf:resource="http://sbols.org/v2#out"/>
      </sbol:FunctionalComponent>
    </sbol:functionalComponent>
    <sbol:functionalComponent>
      <sbol:FunctionalComponent rdf:about="http://www.phoenix.org/library/LasR_protein_production/LasR_Protein/0.3">
        <sbol:persistentIdentity rdf:resource="http://www.phoenix.org/library/LasR_protein_production/LasR_Protein"/>
        <sbol:displayId>LasR_Protein</sbol:displayId>
        <sbol:version>0.3</sbol:version>
        <sbol:definition rdf:resource="http://www.phoenix.org/library/LasR_Protein/0.3"/>
        <sbol:access rdf:resource="http://sbols.org/v2#private"/>
        <sbol:direction rdf:resource="http://sbols.org/v2#in"/>
      </sbol:FunctionalComponent>
    </sbol:functionalComponent>
    <sbol:interaction>
      <sbol:Interaction rdf:about="http://www.phoenix.org/library/LasR_protein_production/LasR_production/0.3">
        <sbol:persistentIdentity rdf:resource="http://www.phoenix.org/library/LasR_protein_production/LasR_production"/>
        <sbol:displayId>LasR_production</sbol:displayId>
        <sbol:version>0.3</sbol:version>
        <sbol:type rdf:resource="http://identifiers.org/biomodels.sbo/SBO:0000393"/>
        <sbol:participation>
          <sbol:Participation rdf:about="http://www.phoenix.org/library/LasR_protein_production/LasR_production/LasR_template/0.3">
            <sbol:persistentIdentity rdf:resource="http://www.phoenix.org/library/LasR_protein_production/LasR_production/LasR_template"/>
            <sbol:displayId>LasR_template</sbol:displayId>
            <sbol:version>0.3</sbol:version>
            <sbol:role rdf:resource="http://identifiers.org/biomodels.sbo/SBO:0000645"/>
            <sbol:participant rdf:resource="http://www.phoenix.org/library/LasR_protein_production/LasR/0.3"/>
          </sbol:Participation>
        </sbol:participation>
        <sbol:participation>
          <sbol:Participation rdf:about="http://www.phoenix.org/library/LasR_protein_production/LasR_production/LasR_product/0.3">
            <sbol:persistentIdentity rdf:resource="http://www.phoenix.org/library/LasR_protein_production/LasR_production/LasR_product"/>
            <sbol:displayId>LasR_product</sbol:displayId>
            <sbol:version>0.3</sbol:version>
            <sbol:role rdf:resource="http://identifiers.org/biomodels.sbo/SBO:0000011"/>
            <sbol:participant rdf:resource="http://www.phoenix.org/library/LasR_protein_production/LasR_Protein/0.3"/>
          </sbol:Participation>
        </sbol:participation>
      </sbol:Interaction>
    </sbol:interaction>
    <sbol:model rdf:resource="http://www.phoenix.org/library/LasR_Model/0.3"/>
  </sbol:ModuleDefinition>
  <sbol:ModuleDefinition rdf:about="http://www.phoenix.org/library/rhl_AHL_LasR_Protein_Compelx_pRhl_RBS30_ModuleDefinition/0.3">
    <sbol:persistentIdentity rdf:resource="http://www.phoenix.org/library/rhl_AHL_LasR_Protein_Compelx_pRhl_RBS30_ModuleDefinition"/>
    <sbol:displayId>rhl_AHL_LasR_Protein_Compelx_pRhl_RBS30_ModuleDefinition</sbol:displayId>
    <sbol:version>0.3</sbol:version>
    <sbol:functionalComponent>
      <sbol:FunctionalComponent rdf:about="http://www.phoenix.org/library/rhl_AHL_LasR_Protein_Compelx_pRhl_RBS30_ModuleDefinition/rhl_AHL_LasR_Protein_Compelx/0.3">
        <sbol:persistentIdentity rdf:resource="http://www.phoenix.org/library/rhl_AHL_LasR_Protein_Compelx_pRhl_RBS30_ModuleDefinition/rhl_AHL_LasR_Protein_Compelx"/>
        <sbol:displayId>rhl_AHL_LasR_Protein_Compelx</sbol:displayId>
        <sbol:version>0.3</sbol:version>
        <sbol:definition rdf:resource="http://www.phoenix.org/library/rhl_AHL_LasR_Protein_Complex/0.3"/>
        <sbol:access rdf:resource="http://sbols.org/v2#private"/>
        <sbol:direction rdf:resource="http://sbols.org/v2#out"/>
      </sbol:FunctionalComponent>
    </sbol:functionalComponent>
    <sbol:functionalComponent>
      <sbol:FunctionalComponent rdf:about="http://www.phoenix.org/library/rhl_AHL_LasR_Protein_Compelx_pRhl_RBS30_ModuleDefinition/pRhl_RBS30/0.3">
        <sbol:persistentIdentity rdf:resource="http://www.phoenix.org/library/rhl_AHL_LasR_Protein_Compelx_pRhl_RBS30_ModuleDefinition/pRhl_RBS30"/>
        <sbol:displayId>pRhl_RBS30</sbol:displayId>
        <sbol:version>0.3</sbol:version>
        <sbol:definition rdf:resource="http://www.phoenix.org/library/pRhl_RBS30/0.3"/>
        <sbol:access rdf:resource="http://sbols.org/v2#private"/>
        <sbol:direction rdf:resource="http://sbols.org/v2#in"/>
      </sbol:FunctionalComponent>
    </sbol:functionalComponent>
    <sbol:interaction>
      <sbol:Interaction rdf:about="http://www.phoenix.org/library/rhl_AHL_LasR_Protein_Compelx_pRhl_RBS30_ModuleDefinition/rhl_AHL_LasR_Protein_Compelx_pRhl_RBS30_Stimulation/0.3">
        <sbol:persistentIdentity rdf:resource="http://www.phoenix.org/library/rhl_AHL_LasR_Protein_Compelx_pRhl_RBS30_ModuleDefinition/rhl_AHL_LasR_Protein_Compelx_pRhl_RBS30_Stimulation"/>
        <sbol:displayId>rhl_AHL_LasR_Protein_Compelx_pRhl_RBS30_Stimulation</sbol:displayId>
        <sbol:version>0.3</sbol:version>
        <sbol:type rdf:resource="http://identifiers.org/biomodels.sbo/SBO:0000170"/>
        <sbol:participation>
          <sbol:Participation rdf:about="http://www.phoenix.org/library/rhl_AHL_LasR_Protein_Compelx_pRhl_RBS30_ModuleDefinition/rhl_AHL_LasR_Protein_Compelx_pRhl_RBS30_Stimulation/rhl_AHL_LasR_Protein_Compelx_stimulator/0.3">
            <sbol:persistentIdentity rdf:resource="http://www.phoenix.org/library/rhl_AHL_LasR_Protein_Compelx_pRhl_RBS30_ModuleDefinition/rhl_AHL_LasR_Protein_Compelx_pRhl_RBS30_Stimulation/rhl_AHL_LasR_Protein_Compelx_stimulator"/>
            <sbol:displayId>rhl_AHL_LasR_Protein_Compelx_stimulator</sbol:displayId>
            <sbol:version>0.3</sbol:version>
            <sbol:role rdf:resource="http://identifiers.org/biomodels.sbo/SBO:0000459"/>
            <sbol:participant rdf:resource="http://www.phoenix.org/library/rhl_AHL_LasR_Protein_Compelx_pRhl_RBS30_ModuleDefinition/rhl_AHL_LasR_Protein_Compelx/0.3"/>
          </sbol:Participation>
        </sbol:participation>
        <sbol:participation>
          <sbol:Participation rdf:about="http://www.phoenix.org/library/rhl_AHL_LasR_Protein_Compelx_pRhl_RBS30_ModuleDefinition/rhl_AHL_LasR_Protein_Compelx_pRhl_RBS30_Stimulation/pRhl_RBS30_stimulated/0.3">
            <sbol:persistentIdentity rdf:resource="http://www.phoenix.org/library/rhl_AHL_LasR_Protein_Compelx_pRhl_RBS30_ModuleDefinition/rhl_AHL_LasR_Protein_Compelx_pRhl_RBS30_Stimulation/pRhl_RBS30_stimulated"/>
            <sbol:displayId>pRhl_RBS30_stimulated</sbol:displayId>
            <sbol:version>0.3</sbol:version>
            <sbol:role rdf:resource="http://identifiers.org/biomodels.sbo/SBO:0000643"/>
            <sbol:participant rdf:resource="http://www.phoenix.org/library/rhl_AHL_LasR_Protein_Compelx_pRhl_RBS30_ModuleDefinition/pRhl_RBS30/0.3"/>
          </sbol:Participation>
        </sbol:participation>
      </sbol:Interaction>
    </sbol:interaction>
    <sbol:model rdf:resource="http://www.phoenix.org/library/pRhl_RBS30_Model/0.3"/>
  </sbol:ModuleDefinition>
  <sbol:Model rdf:about="http://www.phoenix.org/library/GFP_Model/0.3">
    <sbol:persistentIdentity rdf:resource="http://www.phoenix.org/library/GFP_Model"/>
    <sbol:displayId>GFP_Model</sbol:displayId>
    <sbol:version>0.3</sbol:version>
    <sbol:source rdf:resource="file:GFP.xml"/>
    <sbol:language rdf:resource="http://identifiers.org/edam/format_2585"/>
    <sbol:framework rdf:resource="http://www.ebi.ac.uk/sbo/main/SBO:0000062"/>
  </sbol:Model>
  <sbol:Model rdf:about="http://www.phoenix.org/library/Garbage_Model/0.3">
    <sbol:persistentIdentity rdf:resource="http://www.phoenix.org/library/Garbage_Model"/>
    <sbol:displayId>Garbage_Model</sbol:displayId>
    <sbol:version>0.3</sbol:version>
    <sbol:source rdf:resource="file:Garbage.xml"/>
    <sbol:language rdf:resource="http://identifiers.org/edam/format_2585"/>
    <sbol:framework rdf:resource="http://www.ebi.ac.uk/sbo/main/SBO:0000062"/>
  </sbol:Model>
  <sbol:Model rdf:about="http://www.phoenix.org/library/pBAD_RBS30_Model/0.3">
    <sbol:persistentIdentity rdf:resource="http://www.phoenix.org/library/pBAD_RBS30_Model"/>
    <sbol:displayId>pBAD_RBS30_Model</sbol:displayId>
    <sbol:version>0.3</sbol:version>
    <sbol:source rdf:resource="file:pBAD_RBS30.xml"/>
    <sbol:language rdf:resource="http://identifiers.org/edam/format_2585"/>
    <sbol:framework rdf:resource="http://www.ebi.ac.uk/sbo/main/SBO:0000062"/>
  </sbol:Model>
  <sbol:Model rdf:about="http://www.phoenix.org/library/pTet_RBS30_Model/0.3">
    <sbol:persistentIdentity rdf:resource="http://www.phoenix.org/library/pTet_RBS30_Model"/>
    <sbol:displayId>pTet_RBS30_Model</sbol:displayId>
    <sbol:version>0.3</sbol:version>
    <sbol:source rdf:resource="file:pTet_RBS30.xml"/>
    <sbol:language rdf:resource="http://identifiers.org/edam/format_2585"/>
    <sbol:framework rdf:resource="http://www.ebi.ac.uk/sbo/main/SBO:0000062"/>
  </sbol:Model>
  <sbol:Model rdf:about="http://www.phoenix.org/library/AraC_Model/0.3">
    <sbol:persistentIdentity rdf:resource="http://www.phoenix.org/library/AraC_Model"/>
    <sbol:displayId>AraC_Model</sbol:displayId>
    <sbol:version>0.3</sbol:version>
    <sbol:source rdf:resource="file:AraC.xml"/>
    <sbol:language rdf:resource="http://identifiers.org/edam/format_2585"/>
    <sbol:framework rdf:resource="http://www.ebi.ac.uk/sbo/main/SBO:0000062"/>
  </sbol:Model>
  <sbol:Model rdf:about="http://www.phoenix.org/library/LasR_Model/0.3">
    <sbol:persistentIdentity rdf:resource="http://www.phoenix.org/library/LasR_Model"/>
    <sbol:displayId>LasR_Model</sbol:displayId>
    <sbol:version>0.3</sbol:version>
    <sbol:source rdf:resource="file:LasR.xml"/>
    <sbol:language rdf:resource="http://identifiers.org/edam/format_2585"/>
    <sbol:framework rdf:resource="http://www.ebi.ac.uk/sbo/main/SBO:0000062"/>
  </sbol:Model>
  <sbol:Model rdf:about="http://www.phoenix.org/library/pGarbage_RBS30_Model/0.3">
    <sbol:persistentIdentity rdf:resource="http://www.phoenix.org/library/pGarbage_RBS30_Model"/>
    <sbol:displayId>pGarbage_RBS30_Model</sbol:displayId>
    <sbol:version>0.3</sbol:version>
    <sbol:source rdf:resource="file:pGarbage_RBS30.xml"/>
    <sbol:language rdf:resource="http://identifiers.org/edam/format_2585"/>
    <sbol:framework rdf:resource="http://www.ebi.ac.uk/sbo/main/SBO:0000062"/>
  </sbol:Model>
  <sbol:Model rdf:about="http://www.phoenix.org/library/placIq_RBS30_Model/0.3">
    <sbol:persistentIdentity rdf:resource="http://www.phoenix.org/library/placIq_RBS30_Model"/>
    <sbol:displayId>placIq_RBS30_Model</sbol:displayId>
    <sbol:version>0.3</sbol:version>
    <sbol:source rdf:resource="file:placIq_RBS30.xml"/>
    <sbol:language rdf:resource="http://identifiers.org/edam/format_2585"/>
    <sbol:framework rdf:resource="http://www.ebi.ac.uk/sbo/main/SBO:0000062"/>
  </sbol:Model>
  <sbol:Model rdf:about="http://www.phoenix.org/library/pRhl_RBS30_Model/0.3">
    <sbol:persistentIdentity rdf:resource="http://www.phoenix.org/library/pRhl_RBS30_Model"/>
    <sbol:displayId>pRhl_RBS30_Model</sbol:displayId>
    <sbol:version>0.3</sbol:version>
    <sbol:source rdf:resource="file:pRhl_RBS30.xml"/>
    <sbol:language rdf:resource="http://identifiers.org/edam/format_2585"/>
    <sbol:framework rdf:resource="http://www.ebi.ac.uk/sbo/main/SBO:0000062"/>
  </sbol:Model>
  <sbol:Model rdf:about="http://www.phoenix.org/library/TetR_Model/0.3">
    <sbol:persistentIdentity rdf:resource="http://www.phoenix.org/library/TetR_Model"/>
    <sbol:displayId>TetR_Model</sbol:displayId>
    <sbol:version>0.3</sbol:version>
    <sbol:source rdf:resource="file:TetR.xml"/>
    <sbol:language rdf:resource="http://identifiers.org/edam/format_2585"/>
    <sbol:framework rdf:resource="http://www.ebi.ac.uk/sbo/main/SBO:0000062"/>
  </sbol:Model>
  <sbol:Model rdf:about="http://www.phoenix.org/library/pLas_RBS30_Model/0.3">
    <sbol:persistentIdentity rdf:resource="http://www.phoenix.org/library/pLas_RBS30_Model"/>
    <sbol:displayId>pLas_RBS30_Model</sbol:displayId>
    <sbol:version>0.3</sbol:version>
    <sbol:source rdf:resource="file:pLas_RBS30.xml"/>
    <sbol:language rdf:resource="http://identifiers.org/edam/format_2585"/>
    <sbol:framework rdf:resource="http://www.ebi.ac.uk/sbo/main/SBO:0000062"/>
  </sbol:Model>
  <sbol:ComponentDefinition rdf:about="http://www.phoenix.org/library/pGarbage_RBS30/0.3">
    <sbol:persistentIdentity rdf:resource="http://www.phoenix.org/library/pGarbage_RBS30"/>
    <sbol:displayId>pGarbage_RBS30</sbol:displayId>
    <sbol:version>0.3</sbol:version>
    <dcterms:title>pGarbage_RBS30</dcterms:title>
    <sbol:type rdf:resource="http://www.biopax.org/release/biopax-level3.owl#DnaRegion"/>
    <sbol:role rdf:resource="http://identifiers.org/so/SO:0002051"/>
  </sbol:ComponentDefinition>
  <sbol:ComponentDefinition rdf:about="http://www.phoenix.org/library/rhl_AHL/0.3">
    <sbol:persistentIdentity rdf:resource="http://www.phoenix.org/library/rhl_AHL"/>
    <sbol:displayId>rhl_AHL</sbol:displayId>
    <sbol:version>0.3</sbol:version>
    <dcterms:title>rhl_AHL</dcterms:title>
    <sbol:type rdf:resource="http://www.biopax.org/release/biopax-level3.owl#SmallMolecule"/>
  </sbol:ComponentDefinition>
  <sbol:ComponentDefinition rdf:about="http://www.phoenix.org/library/rhl_AHL_LasR_Protein_Complex/0.3">
    <sbol:persistentIdentity rdf:resource="http://www.phoenix.org/library/rhl_AHL_LasR_Protein_Complex"/>
    <sbol:displayId>rhl_AHL_LasR_Protein_Complex</sbol:displayId>
    <sbol:version>0.3</sbol:version>
    <dcterms:title>rhl_AHL_LasR_Protein Complex</dcterms:title>
    <sbol:type rdf:resource="http://www.biopax.org/release/biopax-level3.owl#Complex"/>
  </sbol:ComponentDefinition>
  <sbol:ComponentDefinition rdf:about="http://www.phoenix.org/library/Ter1/0.3">
    <sbol:persistentIdentity rdf:resource="http://www.phoenix.org/library/Ter1"/>
    <sbol:displayId>Ter1</sbol:displayId>
    <sbol:version>0.3</sbol:version>
    <dcterms:title>Ter1</dcterms:title>
    <sbol:type rdf:resource="http://www.biopax.org/release/biopax-level3.owl#DnaRegion"/>
    <sbol:role rdf:resource="http://identifiers.org/so/SO:0000141"/>
  </sbol:ComponentDefinition>
  <sbol:ComponentDefinition rdf:about="http://www.phoenix.org/library/AraC_Protein/0.3">
    <sbol:persistentIdentity rdf:resource="http://www.phoenix.org/library/AraC_Protein"/>
    <sbol:displayId>AraC_Protein</sbol:displayId>
    <sbol:version>0.3</sbol:version>
    <dcterms:title>AraC Protein</dcterms:title>
    <sbol:type rdf:resource="http://www.biopax.org/release/biopax-level3.owl#Protein"/>
  </sbol:ComponentDefinition>
  <sbol:ComponentDefinition rdf:about="http://www.phoenix.org/library/las_AHL/0.3">
    <sbol:persistentIdentity rdf:resource="http://www.phoenix.org/library/las_AHL"/>
    <sbol:displayId>las_AHL</sbol:displayId>
    <sbol:version>0.3</sbol:version>
    <dcterms:title>las_AHL</dcterms:title>
    <sbol:type rdf:resource="http://www.biopax.org/release/biopax-level3.owl#SmallMolecule"/>
  </sbol:ComponentDefinition>
  <sbol:ComponentDefinition rdf:about="http://www.phoenix.org/library/LasR_Protein/0.3">
    <sbol:persistentIdentity rdf:resource="http://www.phoenix.org/library/LasR_Protein"/>
    <sbol:displayId>LasR_Protein</sbol:displayId>
    <sbol:version>0.3</sbol:version>
    <dcterms:title>LasR Protein</dcterms:title>
    <sbol:type rdf:resource="http://www.biopax.org/release/biopax-level3.owl#Protein"/>
  </sbol:ComponentDefinition>
  <sbol:ComponentDefinition rdf:about="http://www.phoenix.org/library/pLas_RBS30/0.3">
    <sbol:persistentIdentity rdf:resource="http://www.phoenix.org/library/pLas_RBS30"/>
    <sbol:displayId>pLas_RBS30</sbol:displayId>
    <sbol:version>0.3</sbol:version>
    <dcterms:title>pLas_RBS30</dcterms:title>
    <sbol:type rdf:resource="http://www.biopax.org/release/biopax-level3.owl#DnaRegion"/>
    <sbol:role rdf:resource="http://identifiers.org/so/SO:0002051"/>
  </sbol:ComponentDefinition>
  <sbol:ComponentDefinition rdf:about="http://www.phoenix.org/library/AraC/0.3">
    <sbol:persistentIdentity rdf:resource="http://www.phoenix.org/library/AraC"/>
    <sbol:displayId>AraC</sbol:displayId>
    <sbol:version>0.3</sbol:version>
    <dcterms:title>AraC</dcterms:title>
    <sbol:type rdf:resource="http://www.biopax.org/release/biopax-level3.owl#DnaRegion"/>
    <sbol:role rdf:resource="http://identifiers.org/so/SO:0000316"/>
  </sbol:ComponentDefinition>
  <sbol:ComponentDefinition rdf:about="http://www.phoenix.org/library/GFP_Protein/0.3">
    <sbol:persistentIdentity rdf:resource="http://www.phoenix.org/library/GFP_Protein"/>
    <sbol:displayId>GFP_Protein</sbol:displayId>
    <sbol:version>0.3</sbol:version>
    <dcterms:title>GFP Protein</dcterms:title>
    <sbol:type rdf:resource="http://www.biopax.org/release/biopax-level3.owl#Protein"/>
  </sbol:ComponentDefinition>
  <sbol:ComponentDefinition rdf:about="http://www.phoenix.org/library/LasR/0.3">
    <sbol:persistentIdentity rdf:resource="http://www.phoenix.org/library/LasR"/>
    <sbol:displayId>LasR</sbol:displayId>
    <sbol:version>0.3</sbol:version>
    <dcterms:title>LasR</dcterms:title>
    <sbol:type rdf:resource="http://www.biopax.org/release/biopax-level3.owl#DnaRegion"/>
    <sbol:role rdf:resource="http://identifiers.org/so/SO:0000316"/>
  </sbol:ComponentDefinition>
  <sbol:ComponentDefinition rdf:about="http://www.phoenix.org/library/arabinose/0.3">
    <sbol:persistentIdentity rdf:resource="http://www.phoenix.org/library/arabinose"/>
    <sbol:displayId>arabinose</sbol:displayId>
    <sbol:version>0.3</sbol:version>
    <dcterms:title>arabinose</dcterms:title>
    <sbol:type rdf:resource="http://www.biopax.org/release/biopax-level3.owl#SmallMolecule"/>
  </sbol:ComponentDefinition>
  <sbol:ComponentDefinition rdf:about="http://www.phoenix.org/library/pTet_RBS30/0.3">
    <sbol:persistentIdentity rdf:resource="http://www.phoenix.org/library/pTet_RBS30"/>
    <sbol:displayId>pTet_RBS30</sbol:displayId>
    <sbol:version>0.3</sbol:version>
    <dcterms:title>pTet_RBS30</dcterms:title>
    <sbol:type rdf:resource="http://www.biopax.org/release/biopax-level3.owl#DnaRegion"/>
    <sbol:role rdf:resource="http://identifiers.org/so/SO:0002051"/>
  </sbol:ComponentDefinition>
  <sbol:ComponentDefinition rdf:about="http://www.phoenix.org/library/las_AHL_LasR_Protein_Complex/0.3">
    <sbol:persistentIdentity rdf:resource="http://www.phoenix.org/library/las_AHL_LasR_Protein_Complex"/>
    <sbol:displayId>las_AHL_LasR_Protein_Complex</sbol:displayId>
    <sbol:version>0.3</sbol:version>
    <dcterms:title>las_AHL_LasR_Protein Complex</dcterms:title>
    <sbol:type rdf:resource="http://www.biopax.org/release/biopax-level3.owl#Complex"/>
  </sbol:ComponentDefinition>
  <sbol:ComponentDefinition rdf:about="http://www.phoenix.org/library/TetR/0.3">
    <sbol:persistentIdentity rdf:resource="http://www.phoenix.org/library/TetR"/>
    <sbol:displayId>TetR</sbol:displayId>
    <sbol:version>0.3</sbol:version>
    <dcterms:title>TetR</dcterms:title>
    <sbol:type rdf:resource="http://www.biopax.org/release/biopax-level3.owl#DnaRegion"/>
    <sbol:role rdf:resource="http://identifiers.org/so/SO:0000316"/>
  </sbol:ComponentDefinition>
  <sbol:ComponentDefinition rdf:about="http://www.phoenix.org/library/TetR_Protein/0.3">
    <sbol:persistentIdentity rdf:resource="http://www.phoenix.org/library/TetR_Protein"/>
    <sbol:displayId>TetR_Protein</sbol:displayId>
    <sbol:version>0.3</sbol:version>
    <dcterms:title>TetR Protein</dcterms:title>
    <sbol:type rdf:resource="http://www.biopax.org/release/biopax-level3.owl#Protein"/>
  </sbol:ComponentDefinition>
  <sbol:ComponentDefinition rdf:about="http://www.phoenix.org/library/RBS30/0.3">
    <sbol:persistentIdentity rdf:resource="http://www.phoenix.org/library/RBS30"/>
    <sbol:displayId>RBS30</sbol:displayId>
    <sbol:version>0.3</sbol:version>
    <dcterms:title>RBS30</dcterms:title>
    <sbol:type rdf:resource="http://www.biopax.org/release/biopax-level3.owl#DnaRegion"/>
    <sbol:role rdf:resource="http://identifiers.org/so/SO:0000139"/>
  </sbol:ComponentDefinition>
  <sbol:ComponentDefinition rdf:about="http://www.phoenix.org/library/pRhl_RBS30/0.3">
    <sbol:persistentIdentity rdf:resource="http://www.phoenix.org/library/pRhl_RBS30"/>
    <sbol:displayId>pRhl_RBS30</sbol:displayId>
    <sbol:version>0.3</sbol:version>
    <dcterms:title>pRhl_RBS30</dcterms:title>
    <sbol:type rdf:resource="http://www.biopax.org/release/biopax-level3.owl#DnaRegion"/>
    <sbol:role rdf:resource="http://identifiers.org/so/SO:0002051"/>
  </sbol:ComponentDefinition>
  <sbol:ComponentDefinition rdf:about="http://www.phoenix.org/library/Garbage/0.3">
    <sbol:persistentIdentity rdf:resource="http://www.phoenix.org/library/Garbage"/>
    <sbol:displayId>Garbage</sbol:displayId>
    <sbol:version>0.3</sbol:version>
    <dcterms:title>Garbage</dcterms:title>
    <sbol:type rdf:resource="http://www.biopax.org/release/biopax-level3.owl#DnaRegion"/>
    <sbol:role rdf:resource="http://identifiers.org/so/SO:0000316"/>
  </sbol:ComponentDefinition>
  <sbol:ComponentDefinition rdf:about="http://www.phoenix.org/library/GFP/0.3">
    <sbol:persistentIdentity rdf:resource="http://www.phoenix.org/library/GFP"/>
    <sbol:displayId>GFP</sbol:displayId>
    <sbol:version>0.3</sbol:version>
    <dcterms:title>GFP</dcterms:title>
    <sbol:type rdf:resource="http://www.biopax.org/release/biopax-level3.owl#DnaRegion"/>
    <sbol:role rdf:resource="http://identifiers.org/so/SO:0000316"/>
    <sbol:sequence rdf:resource="http://www.phoenix.org/library/GFP_Sequence/0.3"/>
  </sbol:ComponentDefinition>
  <sbol:ComponentDefinition rdf:about="http://www.phoenix.org/library/pBAD_RBS30/0.3">
    <sbol:persistentIdentity rdf:resource="http://www.phoenix.org/library/pBAD_RBS30"/>
    <sbol:displayId>pBAD_RBS30</sbol:displayId>
    <sbol:version>0.3</sbol:version>
    <dcterms:title>pBAD_RBS30</dcterms:title>
    <sbol:type rdf:resource="http://www.biopax.org/release/biopax-level3.owl#DnaRegion"/>
    <sbol:role rdf:resource="http://identifiers.org/so/SO:0002051"/>
  </sbol:ComponentDefinition>
  <sbol:ComponentDefinition rdf:about="http://www.phoenix.org/library/placIq_RBS30/0.3">
    <sbol:persistentIdentity rdf:resource="http://www.phoenix.org/library/placIq_RBS30"/>
    <sbol:displayId>placIq_RBS30</sbol:displayId>
    <sbol:version>0.3</sbol:version>
    <dcterms:title>placIq_RBS30</dcterms:title>
    <sbol:type rdf:resource="http://www.biopax.org/release/biopax-level3.owl#DnaRegion"/>
    <sbol:role rdf:resource="http://identifiers.org/so/SO:0002050"/>
  </sbol:ComponentDefinition>
  <sbol:ComponentDefinition rdf:about="http://www.phoenix.org/library/arabinose_AraC_Protein_Complex/0.3">
    <sbol:persistentIdentity rdf:resource="http://www.phoenix.org/library/arabinose_AraC_Protein_Complex"/>
    <sbol:displayId>arabinose_AraC_Protein_Complex</sbol:displayId>
    <sbol:version>0.3</sbol:version>
    <dcterms:title>arabinose_AraC_Protein Complex</dcterms:title>
    <sbol:type rdf:resource="http://www.biopax.org/release/biopax-level3.owl#Complex"/>
  </sbol:ComponentDefinition>
  <sbol:ComponentDefinition rdf:about="http://www.phoenix.org/library/Garbage_Protein/0.3">
    <sbol:persistentIdentity rdf:resource="http://www.phoenix.org/library/Garbage_Protein"/>
    <sbol:displayId>Garbage_Protein</sbol:displayId>
    <sbol:version>0.3</sbol:version>
    <dcterms:title>Garbage Protein</dcterms:title>
    <sbol:type rdf:resource="http://www.biopax.org/release/biopax-level3.owl#Protein"/>
  </sbol:ComponentDefinition>
  <sbol:ComponentDefinition rdf:about="http://www.phoenix.org/library/atc/0.3">
    <sbol:persistentIdentity rdf:resource="http://www.phoenix.org/library/atc"/>
    <sbol:displayId>atc</sbol:displayId>
    <sbol:version>0.3</sbol:version>
    <dcterms:title>atc</dcterms:title>
    <sbol:type rdf:resource="http://www.biopax.org/release/biopax-level3.owl#SmallMolecule"/>
  </sbol:ComponentDefinition>
  <sbol:Sequence rdf:about="http://www.phoenix.org/library/GFP_Sequence/0.3">
    <sbol:persistentIdentity rdf:resource="http://www.phoenix.org/library/GFP_Sequence"/>
    <sbol:displayId>GFP_Sequence</sbol:displayId>
    <sbol:version>0.3</sbol:version>
    <sbol:elements>ATGC</sbol:elements>
    <sbol:encoding rdf:resource="http://www.chem.qmul.ac.uk/iubmb/misc/naseq.html"/>
  </sbol:Sequence>
</rdf:RDF>